№;alpha;rho;t;Ответ;Муравьи;;;№;alpha;rho;t;Ответ;Муравьи;
0;0.0;0.1;10.0;130;190;;;0;0.0;0.1;10.0;130;190;
1;0.0;0.1;20.0;130;190;;;1;0.0;0.1;20.0;130;190;
2;0.0;0.1;30.0;130;190;;;2;0.0;0.1;30.0;130;190;
3;0.0;0.1;40.0;130;190;;;3;0.0;0.1;40.0;130;190;
4;0.0;0.1;50.0;130;190;;;4;0.0;0.1;50.0;130;190;
5;0.0;0.1;60.0;130;190;;;5;0.0;0.1;60.0;130;190;
6;0.0;0.1;70.0;130;190;;;360;0.1;0.9;10.0;130;170;
7;0.0;0.1;80.0;130;190;;;361;0.1;0.9;20.0;130;170;
8;0.0;0.1;90.0;130;190;;;362;0.1;0.9;30.0;130;160;
9;0.0;0.1;100.0;130;190;;;363;0.1;0.9;40.0;130;160;
10;0.0;0.1;110.0;130;190;;;364;0.1;0.9;50.0;130;160;
11;0.0;0.1;120.0;130;190;;;365;0.1;0.9;60.0;130;170;
12;0.0;0.1;130.0;130;190;;;806;0.4;0.1;70.0;130;160;
13;0.0;0.1;140.0;130;190;;;807;0.4;0.1;80.0;130;150;
14;0.0;0.1;150.0;130;190;;;808;0.4;0.1;90.0;130;150;
15;0.0;0.1;160.0;130;190;;;809;0.4;0.1;100.0;130;170;
16;0.0;0.1;170.0;130;190;;;810;0.4;0.1;110.0;130;150;
17;0.0;0.1;180.0;130;190;;;2195;1.0;1.0;160.0;130;270;
18;0.0;0.1;190.0;130;190;;;2196;1.0;1.0;170.0;130;300;
19;0.0;0.1;200.0;130;190;;;2197;1.0;1.0;180.0;130;270;
20;0.0;0.2;10.0;130;190;;;2198;1.0;1.0;190.0;130;280;
21;0.0;0.2;20.0;130;190;;;2199;1.0;1.0;200.0;130;280;
22;0.0;0.2;30.0;130;190;;;;;;;;;
23;0.0;0.2;40.0;130;190;;;1517;0.7;0.6;180;130;190;
24;0.0;0.2;50.0;130;190;;;1518;0.7;0.6;190;130;190;
25;0.0;0.2;60.0;130;190;;;1519;0.7;0.6;200;130;190;
26;0.0;0.2;70.0;130;190;;;1520;0.7;0.7;10;130;190;
27;0.0;0.2;80.0;130;190;;;1521;0.7;0.7;20;130;190;
28;0.0;0.2;90.0;130;190;;;1522;0.7;0.7;30;130;190;
29;0.0;0.2;100.0;130;190;;;;;;;;;
30;0.0;0.2;110.0;130;190;;;;;;;;;
31;0.0;0.2;120.0;130;190;;;;;;;;;
32;0.0;0.2;130.0;130;190;;;;;;;;;
33;0.0;0.2;140.0;130;190;;;;;;;;;
34;0.0;0.2;150.0;130;190;;;;;;;;;
35;0.0;0.2;160.0;130;190;;;;;;;;;
36;0.0;0.2;170.0;130;190;;;;;;;;;
37;0.0;0.2;180.0;130;190;;;;;;;;;
38;0.0;0.2;190.0;130;190;;;;;;;;;
39;0.0;0.2;200.0;130;190;;;;;;;;;
40;0.0;0.3;10.0;130;190;;;;;;;;;
41;0.0;0.3;20.0;130;190;;;;;;;;;
42;0.0;0.3;30.0;130;190;;;;;;;;;
43;0.0;0.3;40.0;130;190;;;;;;;;;
44;0.0;0.3;50.0;130;190;;;;;;;;;
45;0.0;0.3;60.0;130;190;;;;;;;;;
46;0.0;0.3;70.0;130;190;;;;;;;;;
47;0.0;0.3;80.0;130;190;;;;;;;;;
48;0.0;0.3;90.0;130;190;;;;;;;;;
49;0.0;0.3;100.0;130;190;;;;;;;;;
50;0.0;0.3;110.0;130;190;;;;;;;;;
51;0.0;0.3;120.0;130;190;;;;;;;;;
52;0.0;0.3;130.0;130;190;;;;;;;;;
53;0.0;0.3;140.0;130;190;;;;;;;;;
54;0.0;0.3;150.0;130;190;;;;;;;;;
55;0.0;0.3;160.0;130;190;;;;;;;;;
56;0.0;0.3;170.0;130;190;;;;;;;;;
57;0.0;0.3;180.0;130;190;;;;;;;;;
58;0.0;0.3;190.0;130;190;;;;;;;;;
59;0.0;0.3;200.0;130;190;;;;;;;;;
60;0.0;0.4;10.0;130;190;;;;;;;;;
61;0.0;0.4;20.0;130;190;;;;;;;;;
62;0.0;0.4;30.0;130;190;;;;;;;;;
63;0.0;0.4;40.0;130;190;;;;;;;;;
64;0.0;0.4;50.0;130;190;;;;;;;;;
65;0.0;0.4;60.0;130;190;;;;;;;;;
66;0.0;0.4;70.0;130;190;;;;;;;;;
67;0.0;0.4;80.0;130;190;;;;;;;;;
68;0.0;0.4;90.0;130;190;;;;;;;;;
69;0.0;0.4;100.0;130;190;;;;;;;;;
70;0.0;0.4;110.0;130;190;;;;;;;;;
71;0.0;0.4;120.0;130;190;;;;;;;;;
72;0.0;0.4;130.0;130;190;;;;;;;;;
73;0.0;0.4;140.0;130;190;;;;;;;;;
74;0.0;0.4;150.0;130;190;;;;;;;;;
75;0.0;0.4;160.0;130;190;;;;;;;;;
76;0.0;0.4;170.0;130;190;;;;;;;;;
77;0.0;0.4;180.0;130;190;;;;;;;;;
78;0.0;0.4;190.0;130;190;;;;;;;;;
79;0.0;0.4;200.0;130;190;;;;;;;;;
80;0.0;0.5;10.0;130;190;;;;;;;;;
81;0.0;0.5;20.0;130;190;;;;;;;;;
82;0.0;0.5;30.0;130;190;;;;;;;;;
83;0.0;0.5;40.0;130;190;;;;;;;;;
84;0.0;0.5;50.0;130;190;;;;;;;;;
85;0.0;0.5;60.0;130;190;;;;;;;;;
86;0.0;0.5;70.0;130;190;;;;;;;;;
87;0.0;0.5;80.0;130;190;;;;;;;;;
88;0.0;0.5;90.0;130;190;;;;;;;;;
89;0.0;0.5;100.0;130;190;;;;;;;;;
90;0.0;0.5;110.0;130;190;;;;;;;;;
91;0.0;0.5;120.0;130;190;;;;;;;;;
92;0.0;0.5;130.0;130;190;;;;;;;;;
93;0.0;0.5;140.0;130;190;;;;;;;;;
94;0.0;0.5;150.0;130;190;;;;;;;;;
95;0.0;0.5;160.0;130;190;;;;;;;;;
96;0.0;0.5;170.0;130;190;;;;;;;;;
97;0.0;0.5;180.0;130;190;;;;;;;;;
98;0.0;0.5;190.0;130;190;;;;;;;;;
99;0.0;0.5;200.0;130;190;;;;;;;;;
100;0.0;0.6;10.0;130;190;;;;;;;;;
101;0.0;0.6;20.0;130;190;;;;;;;;;
102;0.0;0.6;30.0;130;190;;;;;;;;;
103;0.0;0.6;40.0;130;190;;;;;;;;;
104;0.0;0.6;50.0;130;190;;;;;;;;;
105;0.0;0.6;60.0;130;190;;;;;;;;;
106;0.0;0.6;70.0;130;190;;;;;;;;;
107;0.0;0.6;80.0;130;190;;;;;;;;;
108;0.0;0.6;90.0;130;190;;;;;;;;;
109;0.0;0.6;100.0;130;190;;;;;;;;;
110;0.0;0.6;110.0;130;190;;;;;;;;;
111;0.0;0.6;120.0;130;190;;;;;;;;;
112;0.0;0.6;130.0;130;190;;;;;;;;;
113;0.0;0.6;140.0;130;190;;;;;;;;;
114;0.0;0.6;150.0;130;190;;;;;;;;;
115;0.0;0.6;160.0;130;190;;;;;;;;;
116;0.0;0.6;170.0;130;190;;;;;;;;;
117;0.0;0.6;180.0;130;190;;;;;;;;;
118;0.0;0.6;190.0;130;190;;;;;;;;;
119;0.0;0.6;200.0;130;190;;;;;;;;;
120;0.0;0.7;10.0;130;190;;;;;;;;;
121;0.0;0.7;20.0;130;190;;;;;;;;;
122;0.0;0.7;30.0;130;190;;;;;;;;;
123;0.0;0.7;40.0;130;190;;;;;;;;;
124;0.0;0.7;50.0;130;190;;;;;;;;;
125;0.0;0.7;60.0;130;190;;;;;;;;;
126;0.0;0.7;70.0;130;190;;;;;;;;;
127;0.0;0.7;80.0;130;190;;;;;;;;;
128;0.0;0.7;90.0;130;190;;;;;;;;;
129;0.0;0.7;100.0;130;190;;;;;;;;;
130;0.0;0.7;110.0;130;190;;;;;;;;;
131;0.0;0.7;120.0;130;190;;;;;;;;;
132;0.0;0.7;130.0;130;190;;;;;;;;;
133;0.0;0.7;140.0;130;190;;;;;;;;;
134;0.0;0.7;150.0;130;190;;;;;;;;;
135;0.0;0.7;160.0;130;190;;;;;;;;;
136;0.0;0.7;170.0;130;190;;;;;;;;;
137;0.0;0.7;180.0;130;190;;;;;;;;;
138;0.0;0.7;190.0;130;190;;;;;;;;;
139;0.0;0.7;200.0;130;190;;;;;;;;;
140;0.0;0.8;10.0;130;190;;;;;;;;;
141;0.0;0.8;20.0;130;190;;;;;;;;;
142;0.0;0.8;30.0;130;190;;;;;;;;;
143;0.0;0.8;40.0;130;190;;;;;;;;;
144;0.0;0.8;50.0;130;190;;;;;;;;;
145;0.0;0.8;60.0;130;190;;;;;;;;;
146;0.0;0.8;70.0;130;190;;;;;;;;;
147;0.0;0.8;80.0;130;190;;;;;;;;;
148;0.0;0.8;90.0;130;190;;;;;;;;;
149;0.0;0.8;100.0;130;190;;;;;;;;;
150;0.0;0.8;110.0;130;190;;;;;;;;;
151;0.0;0.8;120.0;130;190;;;;;;;;;
152;0.0;0.8;130.0;130;190;;;;;;;;;
153;0.0;0.8;140.0;130;190;;;;;;;;;
154;0.0;0.8;150.0;130;190;;;;;;;;;
155;0.0;0.8;160.0;130;190;;;;;;;;;
156;0.0;0.8;170.0;130;190;;;;;;;;;
157;0.0;0.8;180.0;130;190;;;;;;;;;
158;0.0;0.8;190.0;130;190;;;;;;;;;
159;0.0;0.8;200.0;130;190;;;;;;;;;
160;0.0;0.9;10.0;130;190;;;;;;;;;
161;0.0;0.9;20.0;130;190;;;;;;;;;
162;0.0;0.9;30.0;130;190;;;;;;;;;
163;0.0;0.9;40.0;130;190;;;;;;;;;
164;0.0;0.9;50.0;130;190;;;;;;;;;
165;0.0;0.9;60.0;130;190;;;;;;;;;
166;0.0;0.9;70.0;130;190;;;;;;;;;
167;0.0;0.9;80.0;130;190;;;;;;;;;
168;0.0;0.9;90.0;130;190;;;;;;;;;
169;0.0;0.9;100.0;130;190;;;;;;;;;
170;0.0;0.9;110.0;130;190;;;;;;;;;
171;0.0;0.9;120.0;130;190;;;;;;;;;
172;0.0;0.9;130.0;130;190;;;;;;;;;
173;0.0;0.9;140.0;130;190;;;;;;;;;
174;0.0;0.9;150.0;130;190;;;;;;;;;
175;0.0;0.9;160.0;130;190;;;;;;;;;
176;0.0;0.9;170.0;130;190;;;;;;;;;
177;0.0;0.9;180.0;130;190;;;;;;;;;
178;0.0;0.9;190.0;130;190;;;;;;;;;
179;0.0;0.9;200.0;130;190;;;;;;;;;
180;0.0;1.0;10.0;130;190;;;;;;;;;
181;0.0;1.0;20.0;130;190;;;;;;;;;
182;0.0;1.0;30.0;130;190;;;;;;;;;
183;0.0;1.0;40.0;130;190;;;;;;;;;
184;0.0;1.0;50.0;130;190;;;;;;;;;
185;0.0;1.0;60.0;130;190;;;;;;;;;
186;0.0;1.0;70.0;130;190;;;;;;;;;
187;0.0;1.0;80.0;130;190;;;;;;;;;
188;0.0;1.0;90.0;130;190;;;;;;;;;
189;0.0;1.0;100.0;130;190;;;;;;;;;
190;0.0;1.0;110.0;130;190;;;;;;;;;
191;0.0;1.0;120.0;130;190;;;;;;;;;
192;0.0;1.0;130.0;130;190;;;;;;;;;
193;0.0;1.0;140.0;130;190;;;;;;;;;
194;0.0;1.0;150.0;130;190;;;;;;;;;
195;0.0;1.0;160.0;130;190;;;;;;;;;
196;0.0;1.0;170.0;130;190;;;;;;;;;
197;0.0;1.0;180.0;130;190;;;;;;;;;
198;0.0;1.0;190.0;130;190;;;;;;;;;
199;0.0;1.0;200.0;130;190;;;;;;;;;
200;0.1;0.1;10.0;130;170;;;;;;;;;
201;0.1;0.1;20.0;130;170;;;;;;;;;
202;0.1;0.1;30.0;130;170;;;;;;;;;
203;0.1;0.1;40.0;130;170;;;;;;;;;
204;0.1;0.1;50.0;130;170;;;;;;;;;
205;0.1;0.1;60.0;130;160;;;;;;;;;
206;0.1;0.1;70.0;130;170;;;;;;;;;
207;0.1;0.1;80.0;130;170;;;;;;;;;
208;0.1;0.1;90.0;130;170;;;;;;;;;
209;0.1;0.1;100.0;130;160;;;;;;;;;
210;0.1;0.1;110.0;130;170;;;;;;;;;
211;0.1;0.1;120.0;130;170;;;;;;;;;
212;0.1;0.1;130.0;130;170;;;;;;;;;
213;0.1;0.1;140.0;130;170;;;;;;;;;
214;0.1;0.1;150.0;130;160;;;;;;;;;
215;0.1;0.1;160.0;130;160;;;;;;;;;
216;0.1;0.1;170.0;130;160;;;;;;;;;
217;0.1;0.1;180.0;130;170;;;;;;;;;
218;0.1;0.1;190.0;130;160;;;;;;;;;
219;0.1;0.1;200.0;130;160;;;;;;;;;
220;0.1;0.2;10.0;130;170;;;;;;;;;
221;0.1;0.2;20.0;130;160;;;;;;;;;
222;0.1;0.2;30.0;130;170;;;;;;;;;
223;0.1;0.2;40.0;130;160;;;;;;;;;
224;0.1;0.2;50.0;130;160;;;;;;;;;
225;0.1;0.2;60.0;130;170;;;;;;;;;
226;0.1;0.2;70.0;130;160;;;;;;;;;
227;0.1;0.2;80.0;130;160;;;;;;;;;
228;0.1;0.2;90.0;130;170;;;;;;;;;
229;0.1;0.2;100.0;130;170;;;;;;;;;
230;0.1;0.2;110.0;130;170;;;;;;;;;
231;0.1;0.2;120.0;130;170;;;;;;;;;
232;0.1;0.2;130.0;130;170;;;;;;;;;
233;0.1;0.2;140.0;130;170;;;;;;;;;
234;0.1;0.2;150.0;130;170;;;;;;;;;
235;0.1;0.2;160.0;130;160;;;;;;;;;
236;0.1;0.2;170.0;130;160;;;;;;;;;
237;0.1;0.2;180.0;130;160;;;;;;;;;
238;0.1;0.2;190.0;130;170;;;;;;;;;
239;0.1;0.2;200.0;130;170;;;;;;;;;
240;0.1;0.3;10.0;130;160;;;;;;;;;
241;0.1;0.3;20.0;130;160;;;;;;;;;
242;0.1;0.3;30.0;130;170;;;;;;;;;
243;0.1;0.3;40.0;130;160;;;;;;;;;
244;0.1;0.3;50.0;130;170;;;;;;;;;
245;0.1;0.3;60.0;130;160;;;;;;;;;
246;0.1;0.3;70.0;130;170;;;;;;;;;
247;0.1;0.3;80.0;130;160;;;;;;;;;
248;0.1;0.3;90.0;130;160;;;;;;;;;
249;0.1;0.3;100.0;130;170;;;;;;;;;
250;0.1;0.3;110.0;130;170;;;;;;;;;
251;0.1;0.3;120.0;130;160;;;;;;;;;
252;0.1;0.3;130.0;130;170;;;;;;;;;
253;0.1;0.3;140.0;130;170;;;;;;;;;
254;0.1;0.3;150.0;130;170;;;;;;;;;
255;0.1;0.3;160.0;130;170;;;;;;;;;
256;0.1;0.3;170.0;130;160;;;;;;;;;
257;0.1;0.3;180.0;130;170;;;;;;;;;
258;0.1;0.3;190.0;130;170;;;;;;;;;
259;0.1;0.3;200.0;130;170;;;;;;;;;
260;0.1;0.4;10.0;130;170;;;;;;;;;
261;0.1;0.4;20.0;130;170;;;;;;;;;
262;0.1;0.4;30.0;130;170;;;;;;;;;
263;0.1;0.4;40.0;130;160;;;;;;;;;
264;0.1;0.4;50.0;130;160;;;;;;;;;
265;0.1;0.4;60.0;130;160;;;;;;;;;
266;0.1;0.4;70.0;130;170;;;;;;;;;
267;0.1;0.4;80.0;130;160;;;;;;;;;
268;0.1;0.4;90.0;130;160;;;;;;;;;
269;0.1;0.4;100.0;130;170;;;;;;;;;
270;0.1;0.4;110.0;130;170;;;;;;;;;
271;0.1;0.4;120.0;130;170;;;;;;;;;
272;0.1;0.4;130.0;130;170;;;;;;;;;
273;0.1;0.4;140.0;130;160;;;;;;;;;
274;0.1;0.4;150.0;130;170;;;;;;;;;
275;0.1;0.4;160.0;130;170;;;;;;;;;
276;0.1;0.4;170.0;130;170;;;;;;;;;
277;0.1;0.4;180.0;130;170;;;;;;;;;
278;0.1;0.4;190.0;130;170;;;;;;;;;
279;0.1;0.4;200.0;130;160;;;;;;;;;
280;0.1;0.5;10.0;130;170;;;;;;;;;
281;0.1;0.5;20.0;130;170;;;;;;;;;
282;0.1;0.5;30.0;130;160;;;;;;;;;
283;0.1;0.5;40.0;130;170;;;;;;;;;
284;0.1;0.5;50.0;130;160;;;;;;;;;
285;0.1;0.5;60.0;130;160;;;;;;;;;
286;0.1;0.5;70.0;130;170;;;;;;;;;
287;0.1;0.5;80.0;130;170;;;;;;;;;
288;0.1;0.5;90.0;130;160;;;;;;;;;
289;0.1;0.5;100.0;130;170;;;;;;;;;
290;0.1;0.5;110.0;130;170;;;;;;;;;
291;0.1;0.5;120.0;130;170;;;;;;;;;
292;0.1;0.5;130.0;130;160;;;;;;;;;
293;0.1;0.5;140.0;130;170;;;;;;;;;
294;0.1;0.5;150.0;130;170;;;;;;;;;
295;0.1;0.5;160.0;130;160;;;;;;;;;
296;0.1;0.5;170.0;130;160;;;;;;;;;
297;0.1;0.5;180.0;130;160;;;;;;;;;
298;0.1;0.5;190.0;130;160;;;;;;;;;
299;0.1;0.5;200.0;130;160;;;;;;;;;
300;0.1;0.6;10.0;130;170;;;;;;;;;
301;0.1;0.6;20.0;130;160;;;;;;;;;
302;0.1;0.6;30.0;130;160;;;;;;;;;
303;0.1;0.6;40.0;130;160;;;;;;;;;
304;0.1;0.6;50.0;130;170;;;;;;;;;
305;0.1;0.6;60.0;130;170;;;;;;;;;
306;0.1;0.6;70.0;130;170;;;;;;;;;
307;0.1;0.6;80.0;130;170;;;;;;;;;
308;0.1;0.6;90.0;130;170;;;;;;;;;
309;0.1;0.6;100.0;130;160;;;;;;;;;
310;0.1;0.6;110.0;130;160;;;;;;;;;
311;0.1;0.6;120.0;130;170;;;;;;;;;
312;0.1;0.6;130.0;130;170;;;;;;;;;
313;0.1;0.6;140.0;130;170;;;;;;;;;
314;0.1;0.6;150.0;130;170;;;;;;;;;
315;0.1;0.6;160.0;130;160;;;;;;;;;
316;0.1;0.6;170.0;130;170;;;;;;;;;
317;0.1;0.6;180.0;130;170;;;;;;;;;
318;0.1;0.6;190.0;130;160;;;;;;;;;
319;0.1;0.6;200.0;130;170;;;;;;;;;
320;0.1;0.7;10.0;130;160;;;;;;;;;
321;0.1;0.7;20.0;130;170;;;;;;;;;
322;0.1;0.7;30.0;130;170;;;;;;;;;
323;0.1;0.7;40.0;130;160;;;;;;;;;
324;0.1;0.7;50.0;130;160;;;;;;;;;
325;0.1;0.7;60.0;130;160;;;;;;;;;
326;0.1;0.7;70.0;130;170;;;;;;;;;
327;0.1;0.7;80.0;130;160;;;;;;;;;
328;0.1;0.7;90.0;130;170;;;;;;;;;
329;0.1;0.7;100.0;130;170;;;;;;;;;
330;0.1;0.7;110.0;130;160;;;;;;;;;
331;0.1;0.7;120.0;130;170;;;;;;;;;
332;0.1;0.7;130.0;130;170;;;;;;;;;
333;0.1;0.7;140.0;130;160;;;;;;;;;
334;0.1;0.7;150.0;130;160;;;;;;;;;
335;0.1;0.7;160.0;130;170;;;;;;;;;
336;0.1;0.7;170.0;130;170;;;;;;;;;
337;0.1;0.7;180.0;130;170;;;;;;;;;
338;0.1;0.7;190.0;130;160;;;;;;;;;
339;0.1;0.7;200.0;130;160;;;;;;;;;
340;0.1;0.8;10.0;130;160;;;;;;;;;
341;0.1;0.8;20.0;130;170;;;;;;;;;
342;0.1;0.8;30.0;130;160;;;;;;;;;
343;0.1;0.8;40.0;130;160;;;;;;;;;
344;0.1;0.8;50.0;130;160;;;;;;;;;
345;0.1;0.8;60.0;130;170;;;;;;;;;
346;0.1;0.8;70.0;130;170;;;;;;;;;
347;0.1;0.8;80.0;130;160;;;;;;;;;
348;0.1;0.8;90.0;130;170;;;;;;;;;
349;0.1;0.8;100.0;130;170;;;;;;;;;
350;0.1;0.8;110.0;130;170;;;;;;;;;
351;0.1;0.8;120.0;130;170;;;;;;;;;
352;0.1;0.8;130.0;130;170;;;;;;;;;
353;0.1;0.8;140.0;130;170;;;;;;;;;
354;0.1;0.8;150.0;130;170;;;;;;;;;
355;0.1;0.8;160.0;130;170;;;;;;;;;
356;0.1;0.8;170.0;130;160;;;;;;;;;
357;0.1;0.8;180.0;130;160;;;;;;;;;
358;0.1;0.8;190.0;130;160;;;;;;;;;
359;0.1;0.8;200.0;130;160;;;;;;;;;
360;0.1;0.9;10.0;130;170;;;;;;;;;
361;0.1;0.9;20.0;130;170;;;;;;;;;
362;0.1;0.9;30.0;130;160;;;;;;;;;
363;0.1;0.9;40.0;130;160;;;;;;;;;
364;0.1;0.9;50.0;130;160;;;;;;;;;
365;0.1;0.9;60.0;130;170;;;;;;;;;
366;0.1;0.9;70.0;130;160;;;;;;;;;
367;0.1;0.9;80.0;130;160;;;;;;;;;
368;0.1;0.9;90.0;130;170;;;;;;;;;
369;0.1;0.9;100.0;130;170;;;;;;;;;
370;0.1;0.9;110.0;130;170;;;;;;;;;
371;0.1;0.9;120.0;130;160;;;;;;;;;
372;0.1;0.9;130.0;130;170;;;;;;;;;
373;0.1;0.9;140.0;130;170;;;;;;;;;
374;0.1;0.9;150.0;130;160;;;;;;;;;
375;0.1;0.9;160.0;130;160;;;;;;;;;
376;0.1;0.9;170.0;130;170;;;;;;;;;
377;0.1;0.9;180.0;130;160;;;;;;;;;
378;0.1;0.9;190.0;130;160;;;;;;;;;
379;0.1;0.9;200.0;130;170;;;;;;;;;
380;0.1;1.0;10.0;130;170;;;;;;;;;
381;0.1;1.0;20.0;130;160;;;;;;;;;
382;0.1;1.0;30.0;130;170;;;;;;;;;
383;0.1;1.0;40.0;130;170;;;;;;;;;
384;0.1;1.0;50.0;130;170;;;;;;;;;
385;0.1;1.0;60.0;130;160;;;;;;;;;
386;0.1;1.0;70.0;130;160;;;;;;;;;
387;0.1;1.0;80.0;130;170;;;;;;;;;
388;0.1;1.0;90.0;130;170;;;;;;;;;
389;0.1;1.0;100.0;130;160;;;;;;;;;
390;0.1;1.0;110.0;130;170;;;;;;;;;
391;0.1;1.0;120.0;130;160;;;;;;;;;
392;0.1;1.0;130.0;130;160;;;;;;;;;
393;0.1;1.0;140.0;130;160;;;;;;;;;
394;0.1;1.0;150.0;130;170;;;;;;;;;
395;0.1;1.0;160.0;130;170;;;;;;;;;
396;0.1;1.0;170.0;130;170;;;;;;;;;
397;0.1;1.0;180.0;130;170;;;;;;;;;
398;0.1;1.0;190.0;130;160;;;;;;;;;
399;0.1;1.0;200.0;130;160;;;;;;;;;
400;0.2;0.1;10.0;130;160;;;;;;;;;
401;0.2;0.1;20.0;130;170;;;;;;;;;
402;0.2;0.1;30.0;130;160;;;;;;;;;
403;0.2;0.1;40.0;130;160;;;;;;;;;
404;0.2;0.1;50.0;130;160;;;;;;;;;
405;0.2;0.1;60.0;130;170;;;;;;;;;
406;0.2;0.1;70.0;130;160;;;;;;;;;
407;0.2;0.1;80.0;130;160;;;;;;;;;
408;0.2;0.1;90.0;130;170;;;;;;;;;
409;0.2;0.1;100.0;130;160;;;;;;;;;
410;0.2;0.1;110.0;130;160;;;;;;;;;
411;0.2;0.1;120.0;130;160;;;;;;;;;
412;0.2;0.1;130.0;130;160;;;;;;;;;
413;0.2;0.1;140.0;130;160;;;;;;;;;
414;0.2;0.1;150.0;130;160;;;;;;;;;
415;0.2;0.1;160.0;130;170;;;;;;;;;
416;0.2;0.1;170.0;130;160;;;;;;;;;
417;0.2;0.1;180.0;130;160;;;;;;;;;
418;0.2;0.1;190.0;130;160;;;;;;;;;
419;0.2;0.1;200.0;130;170;;;;;;;;;
420;0.2;0.2;10.0;130;160;;;;;;;;;
421;0.2;0.2;20.0;130;160;;;;;;;;;
422;0.2;0.2;30.0;130;160;;;;;;;;;
423;0.2;0.2;40.0;130;160;;;;;;;;;
424;0.2;0.2;50.0;130;160;;;;;;;;;
425;0.2;0.2;60.0;130;160;;;;;;;;;
426;0.2;0.2;70.0;130;160;;;;;;;;;
427;0.2;0.2;80.0;130;160;;;;;;;;;
428;0.2;0.2;90.0;130;160;;;;;;;;;
429;0.2;0.2;100.0;130;160;;;;;;;;;
430;0.2;0.2;110.0;130;160;;;;;;;;;
431;0.2;0.2;120.0;130;160;;;;;;;;;
432;0.2;0.2;130.0;130;160;;;;;;;;;
433;0.2;0.2;140.0;130;160;;;;;;;;;
434;0.2;0.2;150.0;130;160;;;;;;;;;
435;0.2;0.2;160.0;130;160;;;;;;;;;
436;0.2;0.2;170.0;130;160;;;;;;;;;
437;0.2;0.2;180.0;130;160;;;;;;;;;
438;0.2;0.2;190.0;130;170;;;;;;;;;
439;0.2;0.2;200.0;130;160;;;;;;;;;
440;0.2;0.3;10.0;130;160;;;;;;;;;
441;0.2;0.3;20.0;130;160;;;;;;;;;
442;0.2;0.3;30.0;130;160;;;;;;;;;
443;0.2;0.3;40.0;130;160;;;;;;;;;
444;0.2;0.3;50.0;130;160;;;;;;;;;
445;0.2;0.3;60.0;130;160;;;;;;;;;
446;0.2;0.3;70.0;130;160;;;;;;;;;
447;0.2;0.3;80.0;130;160;;;;;;;;;
448;0.2;0.3;90.0;130;160;;;;;;;;;
449;0.2;0.3;100.0;130;160;;;;;;;;;
450;0.2;0.3;110.0;130;160;;;;;;;;;
451;0.2;0.3;120.0;130;160;;;;;;;;;
452;0.2;0.3;130.0;130;170;;;;;;;;;
453;0.2;0.3;140.0;130;160;;;;;;;;;
454;0.2;0.3;150.0;130;160;;;;;;;;;
455;0.2;0.3;160.0;130;160;;;;;;;;;
456;0.2;0.3;170.0;130;160;;;;;;;;;
457;0.2;0.3;180.0;130;160;;;;;;;;;
458;0.2;0.3;190.0;130;170;;;;;;;;;
459;0.2;0.3;200.0;130;160;;;;;;;;;
460;0.2;0.4;10.0;130;160;;;;;;;;;
461;0.2;0.4;20.0;130;170;;;;;;;;;
462;0.2;0.4;30.0;130;170;;;;;;;;;
463;0.2;0.4;40.0;130;170;;;;;;;;;
464;0.2;0.4;50.0;130;170;;;;;;;;;
465;0.2;0.4;60.0;130;160;;;;;;;;;
466;0.2;0.4;70.0;130;170;;;;;;;;;
467;0.2;0.4;80.0;130;170;;;;;;;;;
468;0.2;0.4;90.0;130;160;;;;;;;;;
469;0.2;0.4;100.0;130;160;;;;;;;;;
470;0.2;0.4;110.0;130;160;;;;;;;;;
471;0.2;0.4;120.0;130;170;;;;;;;;;
472;0.2;0.4;130.0;130;170;;;;;;;;;
473;0.2;0.4;140.0;130;170;;;;;;;;;
474;0.2;0.4;150.0;130;170;;;;;;;;;
475;0.2;0.4;160.0;130;170;;;;;;;;;
476;0.2;0.4;170.0;130;170;;;;;;;;;
477;0.2;0.4;180.0;130;160;;;;;;;;;
478;0.2;0.4;190.0;130;160;;;;;;;;;
479;0.2;0.4;200.0;130;160;;;;;;;;;
480;0.2;0.5;10.0;130;160;;;;;;;;;
481;0.2;0.5;20.0;130;160;;;;;;;;;
482;0.2;0.5;30.0;130;170;;;;;;;;;
483;0.2;0.5;40.0;130;170;;;;;;;;;
484;0.2;0.5;50.0;130;170;;;;;;;;;
485;0.2;0.5;60.0;130;160;;;;;;;;;
486;0.2;0.5;70.0;130;160;;;;;;;;;
487;0.2;0.5;80.0;130;160;;;;;;;;;
488;0.2;0.5;90.0;130;160;;;;;;;;;
489;0.2;0.5;100.0;130;160;;;;;;;;;
490;0.2;0.5;110.0;130;170;;;;;;;;;
491;0.2;0.5;120.0;130;160;;;;;;;;;
492;0.2;0.5;130.0;130;160;;;;;;;;;
493;0.2;0.5;140.0;130;160;;;;;;;;;
494;0.2;0.5;150.0;130;160;;;;;;;;;
495;0.2;0.5;160.0;130;170;;;;;;;;;
496;0.2;0.5;170.0;130;170;;;;;;;;;
497;0.2;0.5;180.0;130;170;;;;;;;;;
498;0.2;0.5;190.0;130;160;;;;;;;;;
499;0.2;0.5;200.0;130;160;;;;;;;;;
500;0.2;0.6;10.0;130;160;;;;;;;;;
501;0.2;0.6;20.0;130;160;;;;;;;;;
502;0.2;0.6;30.0;130;170;;;;;;;;;
503;0.2;0.6;40.0;130;160;;;;;;;;;
504;0.2;0.6;50.0;130;170;;;;;;;;;
505;0.2;0.6;60.0;130;160;;;;;;;;;
506;0.2;0.6;70.0;130;160;;;;;;;;;
507;0.2;0.6;80.0;130;170;;;;;;;;;
508;0.2;0.6;90.0;130;160;;;;;;;;;
509;0.2;0.6;100.0;130;170;;;;;;;;;
510;0.2;0.6;110.0;130;170;;;;;;;;;
511;0.2;0.6;120.0;130;170;;;;;;;;;
512;0.2;0.6;130.0;130;160;;;;;;;;;
513;0.2;0.6;140.0;130;160;;;;;;;;;
514;0.2;0.6;150.0;130;160;;;;;;;;;
515;0.2;0.6;160.0;130;160;;;;;;;;;
516;0.2;0.6;170.0;130;160;;;;;;;;;
517;0.2;0.6;180.0;130;160;;;;;;;;;
518;0.2;0.6;190.0;130;160;;;;;;;;;
519;0.2;0.6;200.0;130;160;;;;;;;;;
520;0.2;0.7;10.0;130;160;;;;;;;;;
521;0.2;0.7;20.0;130;160;;;;;;;;;
522;0.2;0.7;30.0;130;160;;;;;;;;;
523;0.2;0.7;40.0;130;160;;;;;;;;;
524;0.2;0.7;50.0;130;170;;;;;;;;;
525;0.2;0.7;60.0;130;170;;;;;;;;;
526;0.2;0.7;70.0;130;170;;;;;;;;;
527;0.2;0.7;80.0;130;160;;;;;;;;;
528;0.2;0.7;90.0;130;160;;;;;;;;;
529;0.2;0.7;100.0;130;160;;;;;;;;;
530;0.2;0.7;110.0;130;170;;;;;;;;;
531;0.2;0.7;120.0;130;160;;;;;;;;;
532;0.2;0.7;130.0;130;160;;;;;;;;;
533;0.2;0.7;140.0;130;160;;;;;;;;;
534;0.2;0.7;150.0;130;160;;;;;;;;;
535;0.2;0.7;160.0;130;160;;;;;;;;;
536;0.2;0.7;170.0;130;160;;;;;;;;;
537;0.2;0.7;180.0;130;160;;;;;;;;;
538;0.2;0.7;190.0;130;160;;;;;;;;;
539;0.2;0.7;200.0;130;160;;;;;;;;;
540;0.2;0.8;10.0;130;160;;;;;;;;;
541;0.2;0.8;20.0;130;160;;;;;;;;;
542;0.2;0.8;30.0;130;160;;;;;;;;;
543;0.2;0.8;40.0;130;160;;;;;;;;;
544;0.2;0.8;50.0;130;170;;;;;;;;;
545;0.2;0.8;60.0;130;160;;;;;;;;;
546;0.2;0.8;70.0;130;170;;;;;;;;;
547;0.2;0.8;80.0;130;160;;;;;;;;;
548;0.2;0.8;90.0;130;170;;;;;;;;;
549;0.2;0.8;100.0;130;160;;;;;;;;;
550;0.2;0.8;110.0;130;170;;;;;;;;;
551;0.2;0.8;120.0;130;160;;;;;;;;;
552;0.2;0.8;130.0;130;170;;;;;;;;;
553;0.2;0.8;140.0;130;160;;;;;;;;;
554;0.2;0.8;150.0;130;160;;;;;;;;;
555;0.2;0.8;160.0;130;160;;;;;;;;;
556;0.2;0.8;170.0;130;160;;;;;;;;;
557;0.2;0.8;180.0;130;160;;;;;;;;;
558;0.2;0.8;190.0;130;160;;;;;;;;;
559;0.2;0.8;200.0;130;160;;;;;;;;;
560;0.2;0.9;10.0;130;160;;;;;;;;;
561;0.2;0.9;20.0;130;170;;;;;;;;;
562;0.2;0.9;30.0;130;160;;;;;;;;;
563;0.2;0.9;40.0;130;160;;;;;;;;;
564;0.2;0.9;50.0;130;160;;;;;;;;;
565;0.2;0.9;60.0;130;160;;;;;;;;;
566;0.2;0.9;70.0;130;160;;;;;;;;;
567;0.2;0.9;80.0;130;170;;;;;;;;;
568;0.2;0.9;90.0;130;160;;;;;;;;;
569;0.2;0.9;100.0;130;160;;;;;;;;;
570;0.2;0.9;110.0;130;160;;;;;;;;;
571;0.2;0.9;120.0;130;160;;;;;;;;;
572;0.2;0.9;130.0;130;160;;;;;;;;;
573;0.2;0.9;140.0;130;160;;;;;;;;;
574;0.2;0.9;150.0;130;160;;;;;;;;;
575;0.2;0.9;160.0;130;170;;;;;;;;;
576;0.2;0.9;170.0;130;160;;;;;;;;;
577;0.2;0.9;180.0;130;160;;;;;;;;;
578;0.2;0.9;190.0;130;160;;;;;;;;;
579;0.2;0.9;200.0;130;160;;;;;;;;;
580;0.2;1.0;10.0;130;160;;;;;;;;;
581;0.2;1.0;20.0;130;160;;;;;;;;;
582;0.2;1.0;30.0;130;160;;;;;;;;;
583;0.2;1.0;40.0;130;160;;;;;;;;;
584;0.2;1.0;50.0;130;170;;;;;;;;;
585;0.2;1.0;60.0;130;160;;;;;;;;;
586;0.2;1.0;70.0;130;160;;;;;;;;;
587;0.2;1.0;80.0;130;160;;;;;;;;;
588;0.2;1.0;90.0;130;160;;;;;;;;;
589;0.2;1.0;100.0;130;160;;;;;;;;;
590;0.2;1.0;110.0;130;160;;;;;;;;;
591;0.2;1.0;120.0;130;160;;;;;;;;;
592;0.2;1.0;130.0;130;160;;;;;;;;;
593;0.2;1.0;140.0;130;160;;;;;;;;;
594;0.2;1.0;150.0;130;160;;;;;;;;;
595;0.2;1.0;160.0;130;170;;;;;;;;;
596;0.2;1.0;170.0;130;160;;;;;;;;;
597;0.2;1.0;180.0;130;160;;;;;;;;;
598;0.2;1.0;190.0;130;160;;;;;;;;;
599;0.2;1.0;200.0;130;160;;;;;;;;;
600;0.3;0.1;10.0;130;160;;;;;;;;;
601;0.3;0.1;20.0;130;150;;;;;;;;;
602;0.3;0.1;30.0;130;160;;;;;;;;;
603;0.3;0.1;40.0;130;160;;;;;;;;;
604;0.3;0.1;50.0;130;160;;;;;;;;;
605;0.3;0.1;60.0;130;160;;;;;;;;;
606;0.3;0.1;70.0;130;160;;;;;;;;;
607;0.3;0.1;80.0;130;160;;;;;;;;;
608;0.3;0.1;90.0;130;150;;;;;;;;;
609;0.3;0.1;100.0;130;160;;;;;;;;;
610;0.3;0.1;110.0;130;170;;;;;;;;;
611;0.3;0.1;120.0;130;160;;;;;;;;;
612;0.3;0.1;130.0;130;160;;;;;;;;;
613;0.3;0.1;140.0;130;160;;;;;;;;;
614;0.3;0.1;150.0;130;170;;;;;;;;;
615;0.3;0.1;160.0;130;160;;;;;;;;;
616;0.3;0.1;170.0;130;160;;;;;;;;;
617;0.3;0.1;180.0;130;170;;;;;;;;;
618;0.3;0.1;190.0;130;160;;;;;;;;;
619;0.3;0.1;200.0;130;160;;;;;;;;;
620;0.3;0.2;10.0;130;160;;;;;;;;;
621;0.3;0.2;20.0;130;170;;;;;;;;;
622;0.3;0.2;30.0;130;160;;;;;;;;;
623;0.3;0.2;40.0;130;160;;;;;;;;;
624;0.3;0.2;50.0;130;160;;;;;;;;;
625;0.3;0.2;60.0;130;160;;;;;;;;;
626;0.3;0.2;70.0;130;160;;;;;;;;;
627;0.3;0.2;80.0;130;160;;;;;;;;;
628;0.3;0.2;90.0;130;170;;;;;;;;;
629;0.3;0.2;100.0;130;160;;;;;;;;;
630;0.3;0.2;110.0;130;170;;;;;;;;;
631;0.3;0.2;120.0;130;160;;;;;;;;;
632;0.3;0.2;130.0;130;160;;;;;;;;;
633;0.3;0.2;140.0;130;160;;;;;;;;;
634;0.3;0.2;150.0;130;160;;;;;;;;;
635;0.3;0.2;160.0;130;170;;;;;;;;;
636;0.3;0.2;170.0;130;170;;;;;;;;;
637;0.3;0.2;180.0;130;160;;;;;;;;;
638;0.3;0.2;190.0;130;160;;;;;;;;;
639;0.3;0.2;200.0;130;160;;;;;;;;;
640;0.3;0.3;10.0;130;160;;;;;;;;;
641;0.3;0.3;20.0;130;160;;;;;;;;;
642;0.3;0.3;30.0;130;160;;;;;;;;;
643;0.3;0.3;40.0;130;170;;;;;;;;;
644;0.3;0.3;50.0;130;160;;;;;;;;;
645;0.3;0.3;60.0;130;160;;;;;;;;;
646;0.3;0.3;70.0;130;170;;;;;;;;;
647;0.3;0.3;80.0;130;160;;;;;;;;;
648;0.3;0.3;90.0;130;170;;;;;;;;;
649;0.3;0.3;100.0;130;160;;;;;;;;;
650;0.3;0.3;110.0;130;160;;;;;;;;;
651;0.3;0.3;120.0;130;160;;;;;;;;;
652;0.3;0.3;130.0;130;160;;;;;;;;;
653;0.3;0.3;140.0;130;170;;;;;;;;;
654;0.3;0.3;150.0;130;160;;;;;;;;;
655;0.3;0.3;160.0;130;160;;;;;;;;;
656;0.3;0.3;170.0;130;170;;;;;;;;;
657;0.3;0.3;180.0;130;170;;;;;;;;;
658;0.3;0.3;190.0;130;170;;;;;;;;;
659;0.3;0.3;200.0;130;160;;;;;;;;;
660;0.3;0.4;10.0;130;170;;;;;;;;;
661;0.3;0.4;20.0;130;160;;;;;;;;;
662;0.3;0.4;30.0;130;170;;;;;;;;;
663;0.3;0.4;40.0;130;160;;;;;;;;;
664;0.3;0.4;50.0;130;170;;;;;;;;;
665;0.3;0.4;60.0;130;160;;;;;;;;;
666;0.3;0.4;70.0;130;160;;;;;;;;;
667;0.3;0.4;80.0;130;160;;;;;;;;;
668;0.3;0.4;90.0;130;160;;;;;;;;;
669;0.3;0.4;100.0;130;160;;;;;;;;;
670;0.3;0.4;110.0;130;150;;;;;;;;;
671;0.3;0.4;120.0;130;160;;;;;;;;;
672;0.3;0.4;130.0;130;170;;;;;;;;;
673;0.3;0.4;140.0;130;160;;;;;;;;;
674;0.3;0.4;150.0;130;160;;;;;;;;;
675;0.3;0.4;160.0;130;160;;;;;;;;;
676;0.3;0.4;170.0;130;170;;;;;;;;;
677;0.3;0.4;180.0;130;170;;;;;;;;;
678;0.3;0.4;190.0;130;170;;;;;;;;;
679;0.3;0.4;200.0;130;160;;;;;;;;;
680;0.3;0.5;10.0;130;160;;;;;;;;;
681;0.3;0.5;20.0;130;160;;;;;;;;;
682;0.3;0.5;30.0;130;160;;;;;;;;;
683;0.3;0.5;40.0;130;170;;;;;;;;;
684;0.3;0.5;50.0;130;160;;;;;;;;;
685;0.3;0.5;60.0;130;160;;;;;;;;;
686;0.3;0.5;70.0;130;160;;;;;;;;;
687;0.3;0.5;80.0;130;170;;;;;;;;;
688;0.3;0.5;90.0;130;150;;;;;;;;;
689;0.3;0.5;100.0;130;160;;;;;;;;;
690;0.3;0.5;110.0;130;160;;;;;;;;;
691;0.3;0.5;120.0;130;170;;;;;;;;;
692;0.3;0.5;130.0;130;170;;;;;;;;;
693;0.3;0.5;140.0;130;160;;;;;;;;;
694;0.3;0.5;150.0;130;160;;;;;;;;;
695;0.3;0.5;160.0;130;160;;;;;;;;;
696;0.3;0.5;170.0;130;160;;;;;;;;;
697;0.3;0.5;180.0;130;160;;;;;;;;;
698;0.3;0.5;190.0;130;160;;;;;;;;;
699;0.3;0.5;200.0;130;160;;;;;;;;;
700;0.3;0.6;10.0;130;170;;;;;;;;;
701;0.3;0.6;20.0;130;160;;;;;;;;;
702;0.3;0.6;30.0;130;160;;;;;;;;;
703;0.3;0.6;40.0;130;160;;;;;;;;;
704;0.3;0.6;50.0;130;160;;;;;;;;;
705;0.3;0.6;60.0;130;160;;;;;;;;;
706;0.3;0.6;70.0;130;160;;;;;;;;;
707;0.3;0.6;80.0;130;170;;;;;;;;;
708;0.3;0.6;90.0;130;160;;;;;;;;;
709;0.3;0.6;100.0;130;160;;;;;;;;;
710;0.3;0.6;110.0;130;160;;;;;;;;;
711;0.3;0.6;120.0;130;160;;;;;;;;;
712;0.3;0.6;130.0;130;160;;;;;;;;;
713;0.3;0.6;140.0;130;170;;;;;;;;;
714;0.3;0.6;150.0;130;160;;;;;;;;;
715;0.3;0.6;160.0;130;160;;;;;;;;;
716;0.3;0.6;170.0;130;160;;;;;;;;;
717;0.3;0.6;180.0;130;170;;;;;;;;;
718;0.3;0.6;190.0;130;160;;;;;;;;;
719;0.3;0.6;200.0;130;160;;;;;;;;;
720;0.3;0.7;10.0;130;160;;;;;;;;;
721;0.3;0.7;20.0;130;160;;;;;;;;;
722;0.3;0.7;30.0;130;170;;;;;;;;;
723;0.3;0.7;40.0;130;160;;;;;;;;;
724;0.3;0.7;50.0;130;160;;;;;;;;;
725;0.3;0.7;60.0;130;160;;;;;;;;;
726;0.3;0.7;70.0;130;160;;;;;;;;;
727;0.3;0.7;80.0;130;160;;;;;;;;;
728;0.3;0.7;90.0;130;160;;;;;;;;;
729;0.3;0.7;100.0;130;160;;;;;;;;;
730;0.3;0.7;110.0;130;160;;;;;;;;;
731;0.3;0.7;120.0;130;160;;;;;;;;;
732;0.3;0.7;130.0;130;150;;;;;;;;;
733;0.3;0.7;140.0;130;160;;;;;;;;;
734;0.3;0.7;150.0;130;160;;;;;;;;;
735;0.3;0.7;160.0;130;160;;;;;;;;;
736;0.3;0.7;170.0;130;160;;;;;;;;;
737;0.3;0.7;180.0;130;160;;;;;;;;;
738;0.3;0.7;190.0;130;160;;;;;;;;;
739;0.3;0.7;200.0;130;160;;;;;;;;;
740;0.3;0.8;10.0;130;160;;;;;;;;;
741;0.3;0.8;20.0;130;160;;;;;;;;;
742;0.3;0.8;30.0;130;160;;;;;;;;;
743;0.3;0.8;40.0;130;160;;;;;;;;;
744;0.3;0.8;50.0;130;160;;;;;;;;;
745;0.3;0.8;60.0;130;160;;;;;;;;;
746;0.3;0.8;70.0;130;160;;;;;;;;;
747;0.3;0.8;80.0;130;160;;;;;;;;;
748;0.3;0.8;90.0;130;160;;;;;;;;;
749;0.3;0.8;100.0;130;160;;;;;;;;;
750;0.3;0.8;110.0;130;160;;;;;;;;;
751;0.3;0.8;120.0;130;160;;;;;;;;;
752;0.3;0.8;130.0;130;160;;;;;;;;;
753;0.3;0.8;140.0;130;170;;;;;;;;;
754;0.3;0.8;150.0;130;160;;;;;;;;;
755;0.3;0.8;160.0;130;160;;;;;;;;;
756;0.3;0.8;170.0;130;160;;;;;;;;;
757;0.3;0.8;180.0;130;160;;;;;;;;;
758;0.3;0.8;190.0;130;160;;;;;;;;;
759;0.3;0.8;200.0;130;160;;;;;;;;;
760;0.3;0.9;10.0;130;150;;;;;;;;;
761;0.3;0.9;20.0;130;150;;;;;;;;;
762;0.3;0.9;30.0;130;160;;;;;;;;;
763;0.3;0.9;40.0;130;170;;;;;;;;;
764;0.3;0.9;50.0;130;160;;;;;;;;;
765;0.3;0.9;60.0;130;160;;;;;;;;;
766;0.3;0.9;70.0;130;160;;;;;;;;;
767;0.3;0.9;80.0;130;160;;;;;;;;;
768;0.3;0.9;90.0;130;160;;;;;;;;;
769;0.3;0.9;100.0;130;160;;;;;;;;;
770;0.3;0.9;110.0;130;170;;;;;;;;;
771;0.3;0.9;120.0;130;160;;;;;;;;;
772;0.3;0.9;130.0;130;160;;;;;;;;;
773;0.3;0.9;140.0;130;160;;;;;;;;;
774;0.3;0.9;150.0;130;150;;;;;;;;;
775;0.3;0.9;160.0;130;160;;;;;;;;;
776;0.3;0.9;170.0;130;160;;;;;;;;;
777;0.3;0.9;180.0;130;160;;;;;;;;;
778;0.3;0.9;190.0;130;160;;;;;;;;;
779;0.3;0.9;200.0;130;170;;;;;;;;;
780;0.3;1.0;10.0;130;160;;;;;;;;;
781;0.3;1.0;20.0;130;170;;;;;;;;;
782;0.3;1.0;30.0;130;160;;;;;;;;;
783;0.3;1.0;40.0;130;160;;;;;;;;;
784;0.3;1.0;50.0;130;160;;;;;;;;;
785;0.3;1.0;60.0;130;160;;;;;;;;;
786;0.3;1.0;70.0;130;150;;;;;;;;;
787;0.3;1.0;80.0;130;160;;;;;;;;;
788;0.3;1.0;90.0;130;160;;;;;;;;;
789;0.3;1.0;100.0;130;170;;;;;;;;;
790;0.3;1.0;110.0;130;160;;;;;;;;;
791;0.3;1.0;120.0;130;170;;;;;;;;;
792;0.3;1.0;130.0;130;160;;;;;;;;;
793;0.3;1.0;140.0;130;160;;;;;;;;;
794;0.3;1.0;150.0;130;170;;;;;;;;;
795;0.3;1.0;160.0;130;160;;;;;;;;;
796;0.3;1.0;170.0;130;170;;;;;;;;;
797;0.3;1.0;180.0;130;170;;;;;;;;;
798;0.3;1.0;190.0;130;160;;;;;;;;;
799;0.3;1.0;200.0;130;160;;;;;;;;;
800;0.4;0.1;10.0;130;170;;;;;;;;;
801;0.4;0.1;20.0;130;170;;;;;;;;;
802;0.4;0.1;30.0;130;160;;;;;;;;;
803;0.4;0.1;40.0;130;160;;;;;;;;;
804;0.4;0.1;50.0;130;160;;;;;;;;;
805;0.4;0.1;60.0;130;160;;;;;;;;;
806;0.4;0.1;70.0;130;160;;;;;;;;;
807;0.4;0.1;80.0;130;150;;;;;;;;;
808;0.4;0.1;90.0;130;150;;;;;;;;;
809;0.4;0.1;100.0;130;170;;;;;;;;;
810;0.4;0.1;110.0;130;150;;;;;;;;;
811;0.4;0.1;120.0;130;160;;;;;;;;;
812;0.4;0.1;130.0;130;160;;;;;;;;;
813;0.4;0.1;140.0;130;170;;;;;;;;;
814;0.4;0.1;150.0;130;170;;;;;;;;;
815;0.4;0.1;160.0;130;160;;;;;;;;;
816;0.4;0.1;170.0;130;150;;;;;;;;;
817;0.4;0.1;180.0;130;160;;;;;;;;;
818;0.4;0.1;190.0;130;170;;;;;;;;;
819;0.4;0.1;200.0;130;160;;;;;;;;;
820;0.4;0.2;10.0;130;170;;;;;;;;;
821;0.4;0.2;20.0;130;150;;;;;;;;;
822;0.4;0.2;30.0;130;170;;;;;;;;;
823;0.4;0.2;40.0;130;190;;;;;;;;;
824;0.4;0.2;50.0;130;170;;;;;;;;;
825;0.4;0.2;60.0;130;180;;;;;;;;;
826;0.4;0.2;70.0;130;160;;;;;;;;;
827;0.4;0.2;80.0;130;150;;;;;;;;;
828;0.4;0.2;90.0;130;150;;;;;;;;;
829;0.4;0.2;100.0;130;160;;;;;;;;;
830;0.4;0.2;110.0;130;160;;;;;;;;;
831;0.4;0.2;120.0;130;160;;;;;;;;;
832;0.4;0.2;130.0;130;160;;;;;;;;;
833;0.4;0.2;140.0;130;160;;;;;;;;;
834;0.4;0.2;150.0;130;150;;;;;;;;;
835;0.4;0.2;160.0;130;160;;;;;;;;;
836;0.4;0.2;170.0;130;160;;;;;;;;;
837;0.4;0.2;180.0;130;150;;;;;;;;;
838;0.4;0.2;190.0;130;190;;;;;;;;;
839;0.4;0.2;200.0;130;170;;;;;;;;;
840;0.4;0.3;10.0;130;150;;;;;;;;;
841;0.4;0.3;20.0;130;160;;;;;;;;;
842;0.4;0.3;30.0;130;190;;;;;;;;;
843;0.4;0.3;40.0;130;170;;;;;;;;;
844;0.4;0.3;50.0;130;160;;;;;;;;;
845;0.4;0.3;60.0;130;190;;;;;;;;;
846;0.4;0.3;70.0;130;170;;;;;;;;;
847;0.4;0.3;80.0;130;160;;;;;;;;;
848;0.4;0.3;90.0;130;160;;;;;;;;;
849;0.4;0.3;100.0;130;160;;;;;;;;;
850;0.4;0.3;110.0;130;160;;;;;;;;;
851;0.4;0.3;120.0;130;160;;;;;;;;;
852;0.4;0.3;130.0;130;160;;;;;;;;;
853;0.4;0.3;140.0;130;170;;;;;;;;;
854;0.4;0.3;150.0;130;160;;;;;;;;;
855;0.4;0.3;160.0;130;170;;;;;;;;;
856;0.4;0.3;170.0;130;160;;;;;;;;;
857;0.4;0.3;180.0;130;160;;;;;;;;;
858;0.4;0.3;190.0;130;170;;;;;;;;;
859;0.4;0.3;200.0;130;160;;;;;;;;;
860;0.4;0.4;10.0;130;150;;;;;;;;;
861;0.4;0.4;20.0;130;160;;;;;;;;;
862;0.4;0.4;30.0;130;170;;;;;;;;;
863;0.4;0.4;40.0;130;150;;;;;;;;;
864;0.4;0.4;50.0;130;160;;;;;;;;;
865;0.4;0.4;60.0;130;150;;;;;;;;;
866;0.4;0.4;70.0;130;170;;;;;;;;;
867;0.4;0.4;80.0;130;170;;;;;;;;;
868;0.4;0.4;90.0;130;170;;;;;;;;;
869;0.4;0.4;100.0;130;150;;;;;;;;;
870;0.4;0.4;110.0;130;170;;;;;;;;;
871;0.4;0.4;120.0;130;170;;;;;;;;;
872;0.4;0.4;130.0;130;170;;;;;;;;;
873;0.4;0.4;140.0;130;160;;;;;;;;;
874;0.4;0.4;150.0;130;160;;;;;;;;;
875;0.4;0.4;160.0;130;160;;;;;;;;;
876;0.4;0.4;170.0;130;160;;;;;;;;;
877;0.4;0.4;180.0;130;180;;;;;;;;;
878;0.4;0.4;190.0;130;160;;;;;;;;;
879;0.4;0.4;200.0;130;150;;;;;;;;;
880;0.4;0.5;10.0;130;170;;;;;;;;;
881;0.4;0.5;20.0;130;160;;;;;;;;;
882;0.4;0.5;30.0;130;160;;;;;;;;;
883;0.4;0.5;40.0;130;160;;;;;;;;;
884;0.4;0.5;50.0;130;160;;;;;;;;;
885;0.4;0.5;60.0;130;150;;;;;;;;;
886;0.4;0.5;70.0;130;180;;;;;;;;;
887;0.4;0.5;80.0;130;170;;;;;;;;;
888;0.4;0.5;90.0;130;150;;;;;;;;;
889;0.4;0.5;100.0;130;160;;;;;;;;;
890;0.4;0.5;110.0;130;170;;;;;;;;;
891;0.4;0.5;120.0;130;160;;;;;;;;;
892;0.4;0.5;130.0;130;160;;;;;;;;;
893;0.4;0.5;140.0;130;160;;;;;;;;;
894;0.4;0.5;150.0;130;170;;;;;;;;;
895;0.4;0.5;160.0;130;160;;;;;;;;;
896;0.4;0.5;170.0;130;160;;;;;;;;;
897;0.4;0.5;180.0;130;160;;;;;;;;;
898;0.4;0.5;190.0;130;160;;;;;;;;;
899;0.4;0.5;200.0;130;170;;;;;;;;;
900;0.4;0.6;10.0;130;160;;;;;;;;;
901;0.4;0.6;20.0;130;160;;;;;;;;;
902;0.4;0.6;30.0;130;160;;;;;;;;;
903;0.4;0.6;40.0;130;150;;;;;;;;;
904;0.4;0.6;50.0;130;190;;;;;;;;;
905;0.4;0.6;60.0;130;160;;;;;;;;;
906;0.4;0.6;70.0;130;160;;;;;;;;;
907;0.4;0.6;80.0;130;170;;;;;;;;;
908;0.4;0.6;90.0;130;160;;;;;;;;;
909;0.4;0.6;100.0;130;170;;;;;;;;;
910;0.4;0.6;110.0;130;160;;;;;;;;;
911;0.4;0.6;120.0;130;170;;;;;;;;;
912;0.4;0.6;130.0;130;170;;;;;;;;;
913;0.4;0.6;140.0;130;170;;;;;;;;;
914;0.4;0.6;150.0;130;160;;;;;;;;;
915;0.4;0.6;160.0;130;150;;;;;;;;;
916;0.4;0.6;170.0;130;160;;;;;;;;;
917;0.4;0.6;180.0;130;160;;;;;;;;;
918;0.4;0.6;190.0;130;160;;;;;;;;;
919;0.4;0.6;200.0;130;160;;;;;;;;;
920;0.4;0.7;10.0;130;170;;;;;;;;;
921;0.4;0.7;20.0;130;190;;;;;;;;;
922;0.4;0.7;30.0;130;160;;;;;;;;;
923;0.4;0.7;40.0;130;170;;;;;;;;;
924;0.4;0.7;50.0;130;160;;;;;;;;;
925;0.4;0.7;60.0;130;160;;;;;;;;;
926;0.4;0.7;70.0;130;190;;;;;;;;;
927;0.4;0.7;80.0;130;160;;;;;;;;;
928;0.4;0.7;90.0;130;160;;;;;;;;;
929;0.4;0.7;100.0;130;160;;;;;;;;;
930;0.4;0.7;110.0;130;160;;;;;;;;;
931;0.4;0.7;120.0;130;160;;;;;;;;;
932;0.4;0.7;130.0;130;170;;;;;;;;;
933;0.4;0.7;140.0;130;160;;;;;;;;;
934;0.4;0.7;150.0;130;170;;;;;;;;;
935;0.4;0.7;160.0;130;160;;;;;;;;;
936;0.4;0.7;170.0;130;160;;;;;;;;;
937;0.4;0.7;180.0;130;160;;;;;;;;;
938;0.4;0.7;190.0;130;160;;;;;;;;;
939;0.4;0.7;200.0;130;160;;;;;;;;;
940;0.4;0.8;10.0;130;160;;;;;;;;;
941;0.4;0.8;20.0;130;160;;;;;;;;;
942;0.4;0.8;30.0;130;150;;;;;;;;;
943;0.4;0.8;40.0;130;160;;;;;;;;;
944;0.4;0.8;50.0;130;160;;;;;;;;;
945;0.4;0.8;60.0;130;160;;;;;;;;;
946;0.4;0.8;70.0;130;160;;;;;;;;;
947;0.4;0.8;80.0;130;170;;;;;;;;;
948;0.4;0.8;90.0;130;150;;;;;;;;;
949;0.4;0.8;100.0;130;160;;;;;;;;;
950;0.4;0.8;110.0;130;170;;;;;;;;;
951;0.4;0.8;120.0;130;160;;;;;;;;;
952;0.4;0.8;130.0;130;160;;;;;;;;;
953;0.4;0.8;140.0;130;160;;;;;;;;;
954;0.4;0.8;150.0;130;160;;;;;;;;;
955;0.4;0.8;160.0;130;160;;;;;;;;;
956;0.4;0.8;170.0;130;160;;;;;;;;;
957;0.4;0.8;180.0;130;150;;;;;;;;;
958;0.4;0.8;190.0;130;170;;;;;;;;;
959;0.4;0.8;200.0;130;160;;;;;;;;;
960;0.4;0.9;10.0;130;160;;;;;;;;;
961;0.4;0.9;20.0;130;170;;;;;;;;;
962;0.4;0.9;30.0;130;170;;;;;;;;;
963;0.4;0.9;40.0;130;160;;;;;;;;;
964;0.4;0.9;50.0;130;160;;;;;;;;;
965;0.4;0.9;60.0;130;190;;;;;;;;;
966;0.4;0.9;70.0;130;170;;;;;;;;;
967;0.4;0.9;80.0;130;160;;;;;;;;;
968;0.4;0.9;90.0;130;170;;;;;;;;;
969;0.4;0.9;100.0;130;150;;;;;;;;;
970;0.4;0.9;110.0;130;160;;;;;;;;;
971;0.4;0.9;120.0;130;160;;;;;;;;;
972;0.4;0.9;130.0;130;190;;;;;;;;;
973;0.4;0.9;140.0;130;150;;;;;;;;;
974;0.4;0.9;150.0;130;170;;;;;;;;;
975;0.4;0.9;160.0;130;160;;;;;;;;;
976;0.4;0.9;170.0;130;160;;;;;;;;;
977;0.4;0.9;180.0;130;190;;;;;;;;;
978;0.4;0.9;190.0;130;150;;;;;;;;;
979;0.4;0.9;200.0;130;150;;;;;;;;;
980;0.4;1.0;10.0;130;150;;;;;;;;;
981;0.4;1.0;20.0;130;170;;;;;;;;;
982;0.4;1.0;30.0;130;190;;;;;;;;;
983;0.4;1.0;40.0;130;190;;;;;;;;;
984;0.4;1.0;50.0;130;160;;;;;;;;;
985;0.4;1.0;60.0;130;160;;;;;;;;;
986;0.4;1.0;70.0;130;160;;;;;;;;;
987;0.4;1.0;80.0;130;170;;;;;;;;;
988;0.4;1.0;90.0;130;170;;;;;;;;;
989;0.4;1.0;100.0;130;160;;;;;;;;;
990;0.4;1.0;110.0;130;150;;;;;;;;;
991;0.4;1.0;120.0;130;170;;;;;;;;;
992;0.4;1.0;130.0;130;190;;;;;;;;;
993;0.4;1.0;140.0;130;160;;;;;;;;;
994;0.4;1.0;150.0;130;170;;;;;;;;;
995;0.4;1.0;160.0;130;170;;;;;;;;;
996;0.4;1.0;170.0;130;160;;;;;;;;;
997;0.4;1.0;180.0;130;170;;;;;;;;;
998;0.4;1.0;190.0;130;160;;;;;;;;;
999;0.4;1.0;200.0;130;150;;;;;;;;;
1000;0.5;0.1;10.0;130;170;;;;;;;;;
1001;0.5;0.1;20.0;130;190;;;;;;;;;
1002;0.5;0.1;30.0;130;160;;;;;;;;;
1003;0.5;0.1;40.0;130;170;;;;;;;;;
1004;0.5;0.1;50.0;130;170;;;;;;;;;
1005;0.5;0.1;60.0;130;170;;;;;;;;;
1006;0.5;0.1;70.0;130;190;;;;;;;;;
1007;0.5;0.1;80.0;130;170;;;;;;;;;
1008;0.5;0.1;90.0;130;160;;;;;;;;;
1009;0.5;0.1;100.0;130;170;;;;;;;;;
1010;0.5;0.1;110.0;130;200;;;;;;;;;
1011;0.5;0.1;120.0;130;180;;;;;;;;;
1012;0.5;0.1;130.0;130;170;;;;;;;;;
1013;0.5;0.1;140.0;130;190;;;;;;;;;
1014;0.5;0.1;150.0;130;170;;;;;;;;;
1015;0.5;0.1;160.0;130;190;;;;;;;;;
1016;0.5;0.1;170.0;130;170;;;;;;;;;
1017;0.5;0.1;180.0;130;190;;;;;;;;;
1018;0.5;0.1;190.0;130;190;;;;;;;;;
1019;0.5;0.1;200.0;130;190;;;;;;;;;
1020;0.5;0.2;10.0;130;190;;;;;;;;;
1021;0.5;0.2;20.0;130;190;;;;;;;;;
1022;0.5;0.2;30.0;130;160;;;;;;;;;
1023;0.5;0.2;40.0;130;160;;;;;;;;;
1024;0.5;0.2;50.0;130;170;;;;;;;;;
1025;0.5;0.2;60.0;130;170;;;;;;;;;
1026;0.5;0.2;70.0;130;160;;;;;;;;;
1027;0.5;0.2;80.0;130;190;;;;;;;;;
1028;0.5;0.2;90.0;130;190;;;;;;;;;
1029;0.5;0.2;100.0;130;190;;;;;;;;;
1030;0.5;0.2;110.0;130;190;;;;;;;;;
1031;0.5;0.2;120.0;130;190;;;;;;;;;
1032;0.5;0.2;130.0;130;190;;;;;;;;;
1033;0.5;0.2;140.0;130;190;;;;;;;;;
1034;0.5;0.2;150.0;130;190;;;;;;;;;
1035;0.5;0.2;160.0;130;160;;;;;;;;;
1036;0.5;0.2;170.0;130;190;;;;;;;;;
1037;0.5;0.2;180.0;130;190;;;;;;;;;
1038;0.5;0.2;190.0;130;190;;;;;;;;;
1039;0.5;0.2;200.0;130;190;;;;;;;;;
1040;0.5;0.3;10.0;130;170;;;;;;;;;
1041;0.5;0.3;20.0;130;170;;;;;;;;;
1042;0.5;0.3;30.0;130;190;;;;;;;;;
1043;0.5;0.3;40.0;130;160;;;;;;;;;
1044;0.5;0.3;50.0;130;170;;;;;;;;;
1045;0.5;0.3;60.0;130;170;;;;;;;;;
1046;0.5;0.3;70.0;130;170;;;;;;;;;
1047;0.5;0.3;80.0;130;190;;;;;;;;;
1048;0.5;0.3;90.0;130;190;;;;;;;;;
1049;0.5;0.3;100.0;130;190;;;;;;;;;
1050;0.5;0.3;110.0;130;190;;;;;;;;;
1051;0.5;0.3;120.0;130;190;;;;;;;;;
1052;0.5;0.3;130.0;130;170;;;;;;;;;
1053;0.5;0.3;140.0;130;190;;;;;;;;;
1054;0.5;0.3;150.0;130;170;;;;;;;;;
1055;0.5;0.3;160.0;130;170;;;;;;;;;
1056;0.5;0.3;170.0;130;170;;;;;;;;;
1057;0.5;0.3;180.0;130;190;;;;;;;;;
1058;0.5;0.3;190.0;130;170;;;;;;;;;
1059;0.5;0.3;200.0;130;170;;;;;;;;;
1060;0.5;0.4;10.0;130;200;;;;;;;;;
1061;0.5;0.4;20.0;130;190;;;;;;;;;
1062;0.5;0.4;30.0;130;190;;;;;;;;;
1063;0.5;0.4;40.0;130;190;;;;;;;;;
1064;0.5;0.4;50.0;130;170;;;;;;;;;
1065;0.5;0.4;60.0;130;190;;;;;;;;;
1066;0.5;0.4;70.0;130;190;;;;;;;;;
1067;0.5;0.4;80.0;130;170;;;;;;;;;
1068;0.5;0.4;90.0;130;190;;;;;;;;;
1069;0.5;0.4;100.0;130;200;;;;;;;;;
1070;0.5;0.4;110.0;130;190;;;;;;;;;
1071;0.5;0.4;120.0;130;190;;;;;;;;;
1072;0.5;0.4;130.0;130;170;;;;;;;;;
1073;0.5;0.4;140.0;130;160;;;;;;;;;
1074;0.5;0.4;150.0;130;190;;;;;;;;;
1075;0.5;0.4;160.0;130;190;;;;;;;;;
1076;0.5;0.4;170.0;130;190;;;;;;;;;
1077;0.5;0.4;180.0;130;190;;;;;;;;;
1078;0.5;0.4;190.0;130;170;;;;;;;;;
1079;0.5;0.4;200.0;130;170;;;;;;;;;
1080;0.5;0.5;10.0;130;170;;;;;;;;;
1081;0.5;0.5;20.0;130;190;;;;;;;;;
1082;0.5;0.5;30.0;130;190;;;;;;;;;
1083;0.5;0.5;40.0;130;160;;;;;;;;;
1084;0.5;0.5;50.0;130;170;;;;;;;;;
1085;0.5;0.5;60.0;130;190;;;;;;;;;
1086;0.5;0.5;70.0;130;190;;;;;;;;;
1087;0.5;0.5;80.0;130;190;;;;;;;;;
1088;0.5;0.5;90.0;130;170;;;;;;;;;
1089;0.5;0.5;100.0;130;190;;;;;;;;;
1090;0.5;0.5;110.0;130;210;;;;;;;;;
1091;0.5;0.5;120.0;130;190;;;;;;;;;
1092;0.5;0.5;130.0;130;190;;;;;;;;;
1093;0.5;0.5;140.0;130;190;;;;;;;;;
1094;0.5;0.5;150.0;130;190;;;;;;;;;
1095;0.5;0.5;160.0;130;190;;;;;;;;;
1096;0.5;0.5;170.0;130;190;;;;;;;;;
1097;0.5;0.5;180.0;130;170;;;;;;;;;
1098;0.5;0.5;190.0;130;190;;;;;;;;;
1099;0.5;0.5;200.0;130;170;;;;;;;;;
1100;0.5;0.6;10.0;130;170;;;;;;;;;
1101;0.5;0.6;20.0;130;190;;;;;;;;;
1102;0.5;0.6;30.0;130;190;;;;;;;;;
1103;0.5;0.6;40.0;130;190;;;;;;;;;
1104;0.5;0.6;50.0;130;170;;;;;;;;;
1105;0.5;0.6;60.0;130;160;;;;;;;;;
1106;0.5;0.6;70.0;130;170;;;;;;;;;
1107;0.5;0.6;80.0;130;190;;;;;;;;;
1108;0.5;0.6;90.0;130;190;;;;;;;;;
1109;0.5;0.6;100.0;130;170;;;;;;;;;
1110;0.5;0.6;110.0;130;190;;;;;;;;;
1111;0.5;0.6;120.0;130;170;;;;;;;;;
1112;0.5;0.6;130.0;130;190;;;;;;;;;
1113;0.5;0.6;140.0;130;190;;;;;;;;;
1114;0.5;0.6;150.0;130;200;;;;;;;;;
1115;0.5;0.6;160.0;130;170;;;;;;;;;
1116;0.5;0.6;170.0;130;190;;;;;;;;;
1117;0.5;0.6;180.0;130;170;;;;;;;;;
1118;0.5;0.6;190.0;130;190;;;;;;;;;
1119;0.5;0.6;200.0;130;170;;;;;;;;;
1120;0.5;0.7;10.0;130;200;;;;;;;;;
1121;0.5;0.7;20.0;130;170;;;;;;;;;
1122;0.5;0.7;30.0;130;170;;;;;;;;;
1123;0.5;0.7;40.0;130;190;;;;;;;;;
1124;0.5;0.7;50.0;130;190;;;;;;;;;
1125;0.5;0.7;60.0;130;190;;;;;;;;;
1126;0.5;0.7;70.0;130;170;;;;;;;;;
1127;0.5;0.7;80.0;130;190;;;;;;;;;
1128;0.5;0.7;90.0;130;160;;;;;;;;;
1129;0.5;0.7;100.0;130;160;;;;;;;;;
1130;0.5;0.7;110.0;130;160;;;;;;;;;
1131;0.5;0.7;120.0;130;170;;;;;;;;;
1132;0.5;0.7;130.0;130;170;;;;;;;;;
1133;0.5;0.7;140.0;130;170;;;;;;;;;
1134;0.5;0.7;150.0;130;150;;;;;;;;;
1135;0.5;0.7;160.0;130;190;;;;;;;;;
1136;0.5;0.7;170.0;130;170;;;;;;;;;
1137;0.5;0.7;180.0;130;200;;;;;;;;;
1138;0.5;0.7;190.0;130;190;;;;;;;;;
1139;0.5;0.7;200.0;130;200;;;;;;;;;
1140;0.5;0.8;10.0;130;170;;;;;;;;;
1141;0.5;0.8;20.0;130;190;;;;;;;;;
1142;0.5;0.8;30.0;130;170;;;;;;;;;
1143;0.5;0.8;40.0;130;190;;;;;;;;;
1144;0.5;0.8;50.0;130;190;;;;;;;;;
1145;0.5;0.8;60.0;130;190;;;;;;;;;
1146;0.5;0.8;70.0;130;160;;;;;;;;;
1147;0.5;0.8;80.0;130;160;;;;;;;;;
1148;0.5;0.8;90.0;130;160;;;;;;;;;
1149;0.5;0.8;100.0;130;170;;;;;;;;;
1150;0.5;0.8;110.0;130;190;;;;;;;;;
1151;0.5;0.8;120.0;130;170;;;;;;;;;
1152;0.5;0.8;130.0;130;170;;;;;;;;;
1153;0.5;0.8;140.0;130;200;;;;;;;;;
1154;0.5;0.8;150.0;130;190;;;;;;;;;
1155;0.5;0.8;160.0;130;170;;;;;;;;;
1156;0.5;0.8;170.0;130;160;;;;;;;;;
1157;0.5;0.8;180.0;130;190;;;;;;;;;
1158;0.5;0.8;190.0;130;170;;;;;;;;;
1159;0.5;0.8;200.0;130;190;;;;;;;;;
1160;0.5;0.9;10.0;130;190;;;;;;;;;
1161;0.5;0.9;20.0;130;190;;;;;;;;;
1162;0.5;0.9;30.0;130;190;;;;;;;;;
1163;0.5;0.9;40.0;130;200;;;;;;;;;
1164;0.5;0.9;50.0;130;170;;;;;;;;;
1165;0.5;0.9;60.0;130;170;;;;;;;;;
1166;0.5;0.9;70.0;130;170;;;;;;;;;
1167;0.5;0.9;80.0;130;190;;;;;;;;;
1168;0.5;0.9;90.0;130;160;;;;;;;;;
1169;0.5;0.9;100.0;130;170;;;;;;;;;
1170;0.5;0.9;110.0;130;170;;;;;;;;;
1171;0.5;0.9;120.0;130;190;;;;;;;;;
1172;0.5;0.9;130.0;130;170;;;;;;;;;
1173;0.5;0.9;140.0;130;190;;;;;;;;;
1174;0.5;0.9;150.0;130;190;;;;;;;;;
1175;0.5;0.9;160.0;130;190;;;;;;;;;
1176;0.5;0.9;170.0;130;170;;;;;;;;;
1177;0.5;0.9;180.0;130;190;;;;;;;;;
1178;0.5;0.9;190.0;130;160;;;;;;;;;
1179;0.5;0.9;200.0;130;170;;;;;;;;;
1180;0.5;1.0;10.0;130;170;;;;;;;;;
1181;0.5;1.0;20.0;130;190;;;;;;;;;
1182;0.5;1.0;30.0;130;190;;;;;;;;;
1183;0.5;1.0;40.0;130;190;;;;;;;;;
1184;0.5;1.0;50.0;130;190;;;;;;;;;
1185;0.5;1.0;60.0;130;190;;;;;;;;;
1186;0.5;1.0;70.0;130;190;;;;;;;;;
1187;0.5;1.0;80.0;130;190;;;;;;;;;
1188;0.5;1.0;90.0;130;190;;;;;;;;;
1189;0.5;1.0;100.0;130;190;;;;;;;;;
1190;0.5;1.0;110.0;130;190;;;;;;;;;
1191;0.5;1.0;120.0;130;160;;;;;;;;;
1192;0.5;1.0;130.0;130;170;;;;;;;;;
1193;0.5;1.0;140.0;130;190;;;;;;;;;
1194;0.5;1.0;150.0;130;160;;;;;;;;;
1195;0.5;1.0;160.0;130;190;;;;;;;;;
1196;0.5;1.0;170.0;130;190;;;;;;;;;
1197;0.5;1.0;180.0;130;190;;;;;;;;;
1198;0.5;1.0;190.0;130;190;;;;;;;;;
1199;0.5;1.0;200.0;130;190;;;;;;;;;
1200;0.6;0.1;10.0;130;190;;;;;;;;;
1201;0.6;0.1;20.0;130;190;;;;;;;;;
1202;0.6;0.1;30.0;130;200;;;;;;;;;
1203;0.6;0.1;40.0;130;260;;;;;;;;;
1204;0.6;0.1;50.0;130;200;;;;;;;;;
1205;0.6;0.1;60.0;130;260;;;;;;;;;
1206;0.6;0.1;70.0;130;260;;;;;;;;;
1207;0.6;0.1;80.0;130;190;;;;;;;;;
1208;0.6;0.1;90.0;130;190;;;;;;;;;
1209;0.6;0.1;100.0;130;200;;;;;;;;;
1210;0.6;0.1;110.0;130;260;;;;;;;;;
1211;0.6;0.1;120.0;130;260;;;;;;;;;
1212;0.6;0.1;130.0;130;190;;;;;;;;;
1213;0.6;0.1;140.0;130;190;;;;;;;;;
1214;0.6;0.1;150.0;130;190;;;;;;;;;
1215;0.6;0.1;160.0;130;190;;;;;;;;;
1216;0.6;0.1;170.0;130;190;;;;;;;;;
1217;0.6;0.1;180.0;130;190;;;;;;;;;
1218;0.6;0.1;190.0;130;190;;;;;;;;;
1219;0.6;0.1;200.0;130;260;;;;;;;;;
1220;0.6;0.2;10.0;130;270;;;;;;;;;
1221;0.6;0.2;20.0;130;190;;;;;;;;;
1222;0.6;0.2;30.0;130;190;;;;;;;;;
1223;0.6;0.2;40.0;130;190;;;;;;;;;
1224;0.6;0.2;50.0;130;190;;;;;;;;;
1225;0.6;0.2;60.0;130;260;;;;;;;;;
1226;0.6;0.2;70.0;130;190;;;;;;;;;
1227;0.6;0.2;80.0;130;190;;;;;;;;;
1228;0.6;0.2;90.0;130;190;;;;;;;;;
1229;0.6;0.2;100.0;130;190;;;;;;;;;
1230;0.6;0.2;110.0;130;200;;;;;;;;;
1231;0.6;0.2;120.0;130;190;;;;;;;;;
1232;0.6;0.2;130.0;130;200;;;;;;;;;
1233;0.6;0.2;140.0;130;190;;;;;;;;;
1234;0.6;0.2;150.0;130;190;;;;;;;;;
1235;0.6;0.2;160.0;130;190;;;;;;;;;
1236;0.6;0.2;170.0;130;190;;;;;;;;;
1237;0.6;0.2;180.0;130;190;;;;;;;;;
1238;0.6;0.2;190.0;130;190;;;;;;;;;
1239;0.6;0.2;200.0;130;200;;;;;;;;;
1240;0.6;0.3;10.0;130;190;;;;;;;;;
1241;0.6;0.3;20.0;130;190;;;;;;;;;
1242;0.6;0.3;30.0;130;190;;;;;;;;;
1243;0.6;0.3;40.0;130;190;;;;;;;;;
1244;0.6;0.3;50.0;130;190;;;;;;;;;
1245;0.6;0.3;60.0;130;190;;;;;;;;;
1246;0.6;0.3;70.0;130;260;;;;;;;;;
1247;0.6;0.3;80.0;130;260;;;;;;;;;
1248;0.6;0.3;90.0;130;200;;;;;;;;;
1249;0.6;0.3;100.0;130;190;;;;;;;;;
1250;0.6;0.3;110.0;130;190;;;;;;;;;
1251;0.6;0.3;120.0;130;190;;;;;;;;;
1252;0.6;0.3;130.0;130;190;;;;;;;;;
1253;0.6;0.3;140.0;130;200;;;;;;;;;
1254;0.6;0.3;150.0;130;190;;;;;;;;;
1255;0.6;0.3;160.0;130;190;;;;;;;;;
1256;0.6;0.3;170.0;130;200;;;;;;;;;
1257;0.6;0.3;180.0;130;190;;;;;;;;;
1258;0.6;0.3;190.0;130;190;;;;;;;;;
1259;0.6;0.3;200.0;130;190;;;;;;;;;
1260;0.6;0.4;10.0;130;260;;;;;;;;;
1261;0.6;0.4;20.0;130;190;;;;;;;;;
1262;0.6;0.4;30.0;130;190;;;;;;;;;
1263;0.6;0.4;40.0;130;190;;;;;;;;;
1264;0.6;0.4;50.0;130;190;;;;;;;;;
1265;0.6;0.4;60.0;130;190;;;;;;;;;
1266;0.6;0.4;70.0;130;190;;;;;;;;;
1267;0.6;0.4;80.0;130;200;;;;;;;;;
1268;0.6;0.4;90.0;130;190;;;;;;;;;
1269;0.6;0.4;100.0;130;190;;;;;;;;;
1270;0.6;0.4;110.0;130;190;;;;;;;;;
1271;0.6;0.4;120.0;130;190;;;;;;;;;
1272;0.6;0.4;130.0;130;190;;;;;;;;;
1273;0.6;0.4;140.0;130;190;;;;;;;;;
1274;0.6;0.4;150.0;130;190;;;;;;;;;
1275;0.6;0.4;160.0;130;190;;;;;;;;;
1276;0.6;0.4;170.0;130;190;;;;;;;;;
1277;0.6;0.4;180.0;130;190;;;;;;;;;
1278;0.6;0.4;190.0;130;190;;;;;;;;;
1279;0.6;0.4;200.0;130;190;;;;;;;;;
1280;0.6;0.5;10.0;130;190;;;;;;;;;
1281;0.6;0.5;20.0;130;200;;;;;;;;;
1282;0.6;0.5;30.0;130;190;;;;;;;;;
1283;0.6;0.5;40.0;130;190;;;;;;;;;
1284;0.6;0.5;50.0;130;260;;;;;;;;;
1285;0.6;0.5;60.0;130;190;;;;;;;;;
1286;0.6;0.5;70.0;130;190;;;;;;;;;
1287;0.6;0.5;80.0;130;190;;;;;;;;;
1288;0.6;0.5;90.0;130;190;;;;;;;;;
1289;0.6;0.5;100.0;130;200;;;;;;;;;
1290;0.6;0.5;110.0;130;190;;;;;;;;;
1291;0.6;0.5;120.0;130;190;;;;;;;;;
1292;0.6;0.5;130.0;130;190;;;;;;;;;
1293;0.6;0.5;140.0;130;190;;;;;;;;;
1294;0.6;0.5;150.0;130;260;;;;;;;;;
1295;0.6;0.5;160.0;130;190;;;;;;;;;
1296;0.6;0.5;170.0;130;190;;;;;;;;;
1297;0.6;0.5;180.0;130;190;;;;;;;;;
1298;0.6;0.5;190.0;130;190;;;;;;;;;
1299;0.6;0.5;200.0;130;190;;;;;;;;;
1300;0.6;0.6;10.0;130;190;;;;;;;;;
1301;0.6;0.6;20.0;130;190;;;;;;;;;
1302;0.6;0.6;30.0;130;260;;;;;;;;;
1303;0.6;0.6;40.0;130;190;;;;;;;;;
1304;0.6;0.6;50.0;130;190;;;;;;;;;
1305;0.6;0.6;60.0;130;260;;;;;;;;;
1306;0.6;0.6;70.0;130;200;;;;;;;;;
1307;0.6;0.6;80.0;130;190;;;;;;;;;
1308;0.6;0.6;90.0;130;260;;;;;;;;;
1309;0.6;0.6;100.0;130;190;;;;;;;;;
1310;0.6;0.6;110.0;130;190;;;;;;;;;
1311;0.6;0.6;120.0;130;190;;;;;;;;;
1312;0.6;0.6;130.0;130;200;;;;;;;;;
1313;0.6;0.6;140.0;130;190;;;;;;;;;
1314;0.6;0.6;150.0;130;190;;;;;;;;;
1315;0.6;0.6;160.0;130;190;;;;;;;;;
1316;0.6;0.6;170.0;130;190;;;;;;;;;
1317;0.6;0.6;180.0;130;190;;;;;;;;;
1318;0.6;0.6;190.0;130;190;;;;;;;;;
1319;0.6;0.6;200.0;130;190;;;;;;;;;
1320;0.6;0.7;10.0;130;190;;;;;;;;;
1321;0.6;0.7;20.0;130;190;;;;;;;;;
1322;0.6;0.7;30.0;130;190;;;;;;;;;
1323;0.6;0.7;40.0;130;190;;;;;;;;;
1324;0.6;0.7;50.0;130;260;;;;;;;;;
1325;0.6;0.7;60.0;130;200;;;;;;;;;
1326;0.6;0.7;70.0;130;190;;;;;;;;;
1327;0.6;0.7;80.0;130;190;;;;;;;;;
1328;0.6;0.7;90.0;130;190;;;;;;;;;
1329;0.6;0.7;100.0;130;190;;;;;;;;;
1330;0.6;0.7;110.0;130;190;;;;;;;;;
1331;0.6;0.7;120.0;130;190;;;;;;;;;
1332;0.6;0.7;130.0;130;190;;;;;;;;;
1333;0.6;0.7;140.0;130;190;;;;;;;;;
1334;0.6;0.7;150.0;130;260;;;;;;;;;
1335;0.6;0.7;160.0;130;190;;;;;;;;;
1336;0.6;0.7;170.0;130;260;;;;;;;;;
1337;0.6;0.7;180.0;130;190;;;;;;;;;
1338;0.6;0.7;190.0;130;190;;;;;;;;;
1339;0.6;0.7;200.0;130;190;;;;;;;;;
1340;0.6;0.8;10.0;130;190;;;;;;;;;
1341;0.6;0.8;20.0;130;190;;;;;;;;;
1342;0.6;0.8;30.0;130;190;;;;;;;;;
1343;0.6;0.8;40.0;130;190;;;;;;;;;
1344;0.6;0.8;50.0;130;190;;;;;;;;;
1345;0.6;0.8;60.0;130;190;;;;;;;;;
1346;0.6;0.8;70.0;130;190;;;;;;;;;
1347;0.6;0.8;80.0;130;190;;;;;;;;;
1348;0.6;0.8;90.0;130;190;;;;;;;;;
1349;0.6;0.8;100.0;130;190;;;;;;;;;
1350;0.6;0.8;110.0;130;190;;;;;;;;;
1351;0.6;0.8;120.0;130;190;;;;;;;;;
1352;0.6;0.8;130.0;130;190;;;;;;;;;
1353;0.6;0.8;140.0;130;200;;;;;;;;;
1354;0.6;0.8;150.0;130;190;;;;;;;;;
1355;0.6;0.8;160.0;130;190;;;;;;;;;
1356;0.6;0.8;170.0;130;190;;;;;;;;;
1357;0.6;0.8;180.0;130;200;;;;;;;;;
1358;0.6;0.8;190.0;130;190;;;;;;;;;
1359;0.6;0.8;200.0;130;260;;;;;;;;;
1360;0.6;0.9;10.0;130;190;;;;;;;;;
1361;0.6;0.9;20.0;130;190;;;;;;;;;
1362;0.6;0.9;30.0;130;190;;;;;;;;;
1363;0.6;0.9;40.0;130;190;;;;;;;;;
1364;0.6;0.9;50.0;130;190;;;;;;;;;
1365;0.6;0.9;60.0;130;190;;;;;;;;;
1366;0.6;0.9;70.0;130;260;;;;;;;;;
1367;0.6;0.9;80.0;130;190;;;;;;;;;
1368;0.6;0.9;90.0;130;190;;;;;;;;;
1369;0.6;0.9;100.0;130;190;;;;;;;;;
1370;0.6;0.9;110.0;130;200;;;;;;;;;
1371;0.6;0.9;120.0;130;190;;;;;;;;;
1372;0.6;0.9;130.0;130;190;;;;;;;;;
1373;0.6;0.9;140.0;130;190;;;;;;;;;
1374;0.6;0.9;150.0;130;190;;;;;;;;;
1375;0.6;0.9;160.0;130;190;;;;;;;;;
1376;0.6;0.9;170.0;130;190;;;;;;;;;
1377;0.6;0.9;180.0;130;190;;;;;;;;;
1378;0.6;0.9;190.0;130;190;;;;;;;;;
1379;0.6;0.9;200.0;130;190;;;;;;;;;
1380;0.6;1.0;10.0;130;190;;;;;;;;;
1381;0.6;1.0;20.0;130;190;;;;;;;;;
1382;0.6;1.0;30.0;130;260;;;;;;;;;
1383;0.6;1.0;40.0;130;190;;;;;;;;;
1384;0.6;1.0;50.0;130;190;;;;;;;;;
1385;0.6;1.0;60.0;130;200;;;;;;;;;
1386;0.6;1.0;70.0;130;190;;;;;;;;;
1387;0.6;1.0;80.0;130;190;;;;;;;;;
1388;0.6;1.0;90.0;130;190;;;;;;;;;
1389;0.6;1.0;100.0;130;190;;;;;;;;;
1390;0.6;1.0;110.0;130;190;;;;;;;;;
1391;0.6;1.0;120.0;130;190;;;;;;;;;
1392;0.6;1.0;130.0;130;190;;;;;;;;;
1393;0.6;1.0;140.0;130;260;;;;;;;;;
1394;0.6;1.0;150.0;130;190;;;;;;;;;
1395;0.6;1.0;160.0;130;190;;;;;;;;;
1396;0.6;1.0;170.0;130;190;;;;;;;;;
1397;0.6;1.0;180.0;130;190;;;;;;;;;
1398;0.6;1.0;190.0;130;190;;;;;;;;;
1399;0.6;1.0;200.0;130;200;;;;;;;;;
1400;0.7;0.1;10.0;130;190;;;;;;;;;
1401;0.7;0.1;20.0;130;190;;;;;;;;;
1402;0.7;0.1;30.0;130;260;;;;;;;;;
1403;0.7;0.1;40.0;130;190;;;;;;;;;
1404;0.7;0.1;50.0;130;190;;;;;;;;;
1405;0.7;0.1;60.0;130;200;;;;;;;;;
1406;0.7;0.1;70.0;130;190;;;;;;;;;
1407;0.7;0.1;80.0;130;190;;;;;;;;;
1408;0.7;0.1;90.0;130;190;;;;;;;;;
1409;0.7;0.1;100.0;130;190;;;;;;;;;
1410;0.7;0.1;110.0;130;190;;;;;;;;;
1411;0.7;0.1;120.0;130;190;;;;;;;;;
1412;0.7;0.1;130.0;130;190;;;;;;;;;
1413;0.7;0.1;140.0;130;190;;;;;;;;;
1414;0.7;0.1;150.0;130;190;;;;;;;;;
1415;0.7;0.1;160.0;130;190;;;;;;;;;
1416;0.7;0.1;170.0;130;190;;;;;;;;;
1417;0.7;0.1;180.0;130;190;;;;;;;;;
1418;0.7;0.1;190.0;130;190;;;;;;;;;
1419;0.7;0.1;200.0;130;190;;;;;;;;;
1420;0.7;0.2;10.0;130;190;;;;;;;;;
1421;0.7;0.2;20.0;130;260;;;;;;;;;
1422;0.7;0.2;30.0;130;190;;;;;;;;;
1423;0.7;0.2;40.0;130;190;;;;;;;;;
1424;0.7;0.2;50.0;130;190;;;;;;;;;
1425;0.7;0.2;60.0;130;190;;;;;;;;;
1426;0.7;0.2;70.0;130;190;;;;;;;;;
1427;0.7;0.2;80.0;130;190;;;;;;;;;
1428;0.7;0.2;90.0;130;190;;;;;;;;;
1429;0.7;0.2;100.0;130;190;;;;;;;;;
1430;0.7;0.2;110.0;130;190;;;;;;;;;
1431;0.7;0.2;120.0;130;190;;;;;;;;;
1432;0.7;0.2;130.0;130;190;;;;;;;;;
1433;0.7;0.2;140.0;130;200;;;;;;;;;
1434;0.7;0.2;150.0;130;190;;;;;;;;;
1435;0.7;0.2;160.0;130;190;;;;;;;;;
1436;0.7;0.2;170.0;130;190;;;;;;;;;
1437;0.7;0.2;180.0;130;190;;;;;;;;;
1438;0.7;0.2;190.0;130;190;;;;;;;;;
1439;0.7;0.2;200.0;130;190;;;;;;;;;
1440;0.7;0.3;10.0;130;190;;;;;;;;;
1441;0.7;0.3;20.0;130;200;;;;;;;;;
1442;0.7;0.3;30.0;130;190;;;;;;;;;
1443;0.7;0.3;40.0;130;190;;;;;;;;;
1444;0.7;0.3;50.0;130;190;;;;;;;;;
1445;0.7;0.3;60.0;130;190;;;;;;;;;
1446;0.7;0.3;70.0;130;190;;;;;;;;;
1447;0.7;0.3;80.0;130;190;;;;;;;;;
1448;0.7;0.3;90.0;130;190;;;;;;;;;
1449;0.7;0.3;100.0;130;260;;;;;;;;;
1450;0.7;0.3;110.0;130;190;;;;;;;;;
1451;0.7;0.3;120.0;130;190;;;;;;;;;
1452;0.7;0.3;130.0;130;190;;;;;;;;;
1453;0.7;0.3;140.0;130;190;;;;;;;;;
1454;0.7;0.3;150.0;130;190;;;;;;;;;
1455;0.7;0.3;160.0;130;200;;;;;;;;;
1456;0.7;0.3;170.0;130;190;;;;;;;;;
1457;0.7;0.3;180.0;130;190;;;;;;;;;
1458;0.7;0.3;190.0;130;190;;;;;;;;;
1459;0.7;0.3;200.0;130;190;;;;;;;;;
1460;0.7;0.4;10.0;130;200;;;;;;;;;
1461;0.7;0.4;20.0;130;190;;;;;;;;;
1462;0.7;0.4;30.0;130;190;;;;;;;;;
1463;0.7;0.4;40.0;130;190;;;;;;;;;
1464;0.7;0.4;50.0;130;200;;;;;;;;;
1465;0.7;0.4;60.0;130;190;;;;;;;;;
1466;0.7;0.4;70.0;130;190;;;;;;;;;
1467;0.7;0.4;80.0;130;190;;;;;;;;;
1468;0.7;0.4;90.0;130;200;;;;;;;;;
1469;0.7;0.4;100.0;130;190;;;;;;;;;
1470;0.7;0.4;110.0;130;260;;;;;;;;;
1471;0.7;0.4;120.0;130;200;;;;;;;;;
1472;0.7;0.4;130.0;130;200;;;;;;;;;
1473;0.7;0.4;140.0;130;200;;;;;;;;;
1474;0.7;0.4;150.0;130;190;;;;;;;;;
1475;0.7;0.4;160.0;130;190;;;;;;;;;
1476;0.7;0.4;170.0;130;200;;;;;;;;;
1477;0.7;0.4;180.0;130;190;;;;;;;;;
1478;0.7;0.4;190.0;130;190;;;;;;;;;
1479;0.7;0.4;200.0;130;190;;;;;;;;;
1480;0.7;0.5;10.0;130;260;;;;;;;;;
1481;0.7;0.5;20.0;130;190;;;;;;;;;
1482;0.7;0.5;30.0;130;190;;;;;;;;;
1483;0.7;0.5;40.0;130;190;;;;;;;;;
1484;0.7;0.5;50.0;130;190;;;;;;;;;
1485;0.7;0.5;60.0;130;190;;;;;;;;;
1486;0.7;0.5;70.0;130;260;;;;;;;;;
1487;0.7;0.5;80.0;130;190;;;;;;;;;
1488;0.7;0.5;90.0;130;190;;;;;;;;;
1489;0.7;0.5;100.0;130;260;;;;;;;;;
1490;0.7;0.5;110.0;130;190;;;;;;;;;
1491;0.7;0.5;120.0;130;200;;;;;;;;;
1492;0.7;0.5;130.0;130;190;;;;;;;;;
1493;0.7;0.5;140.0;130;190;;;;;;;;;
1494;0.7;0.5;150.0;130;200;;;;;;;;;
1495;0.7;0.5;160.0;130;190;;;;;;;;;
1496;0.7;0.5;170.0;130;190;;;;;;;;;
1497;0.7;0.5;180.0;130;190;;;;;;;;;
1498;0.7;0.5;190.0;130;190;;;;;;;;;
1499;0.7;0.5;200.0;130;190;;;;;;;;;
1500;0.7;0.6;10.0;130;190;;;;;;;;;
1501;0.7;0.6;20.0;130;190;;;;;;;;;
1502;0.7;0.6;30.0;130;260;;;;;;;;;
1503;0.7;0.6;40.0;130;190;;;;;;;;;
1504;0.7;0.6;50.0;130;190;;;;;;;;;
1505;0.7;0.6;60.0;130;190;;;;;;;;;
1506;0.7;0.6;70.0;130;190;;;;;;;;;
1507;0.7;0.6;80.0;130;190;;;;;;;;;
1508;0.7;0.6;90.0;130;190;;;;;;;;;
1509;0.7;0.6;100.0;130;190;;;;;;;;;
1510;0.7;0.6;110.0;130;190;;;;;;;;;
1511;0.7;0.6;120.0;130;190;;;;;;;;;
1512;0.7;0.6;130.0;130;190;;;;;;;;;
1513;0.7;0.6;140.0;130;190;;;;;;;;;
1514;0.7;0.6;150.0;130;190;;;;;;;;;
1515;0.7;0.6;160.0;130;190;;;;;;;;;
1516;0.7;0.6;170.0;130;190;;;;;;;;;
1517;0.7;0.6;180.0;130;190;;;;;;;;;
1518;0.7;0.6;190.0;130;190;;;;;;;;;
1519;0.7;0.6;200.0;130;190;;;;;;;;;
1520;0.7;0.7;10.0;130;190;;;;;;;;;
1521;0.7;0.7;20.0;130;190;;;;;;;;;
1522;0.7;0.7;30.0;130;190;;;;;;;;;
1523;0.7;0.7;40.0;130;260;;;;;;;;;
1524;0.7;0.7;50.0;130;260;;;;;;;;;
1525;0.7;0.7;60.0;130;190;;;;;;;;;
1526;0.7;0.7;70.0;130;190;;;;;;;;;
1527;0.7;0.7;80.0;130;260;;;;;;;;;
1528;0.7;0.7;90.0;130;190;;;;;;;;;
1529;0.7;0.7;100.0;130;260;;;;;;;;;
1530;0.7;0.7;110.0;130;190;;;;;;;;;
1531;0.7;0.7;120.0;130;190;;;;;;;;;
1532;0.7;0.7;130.0;130;190;;;;;;;;;
1533;0.7;0.7;140.0;130;190;;;;;;;;;
1534;0.7;0.7;150.0;130;190;;;;;;;;;
1535;0.7;0.7;160.0;130;190;;;;;;;;;
1536;0.7;0.7;170.0;130;190;;;;;;;;;
1537;0.7;0.7;180.0;130;190;;;;;;;;;
1538;0.7;0.7;190.0;130;190;;;;;;;;;
1539;0.7;0.7;200.0;130;190;;;;;;;;;
1540;0.7;0.8;10.0;130;190;;;;;;;;;
1541;0.7;0.8;20.0;130;190;;;;;;;;;
1542;0.7;0.8;30.0;130;190;;;;;;;;;
1543;0.7;0.8;40.0;130;190;;;;;;;;;
1544;0.7;0.8;50.0;130;190;;;;;;;;;
1545;0.7;0.8;60.0;130;200;;;;;;;;;
1546;0.7;0.8;70.0;130;190;;;;;;;;;
1547;0.7;0.8;80.0;130;190;;;;;;;;;
1548;0.7;0.8;90.0;130;190;;;;;;;;;
1549;0.7;0.8;100.0;130;190;;;;;;;;;
1550;0.7;0.8;110.0;130;260;;;;;;;;;
1551;0.7;0.8;120.0;130;190;;;;;;;;;
1552;0.7;0.8;130.0;130;190;;;;;;;;;
1553;0.7;0.8;140.0;130;190;;;;;;;;;
1554;0.7;0.8;150.0;130;190;;;;;;;;;
1555;0.7;0.8;160.0;130;190;;;;;;;;;
1556;0.7;0.8;170.0;130;190;;;;;;;;;
1557;0.7;0.8;180.0;130;190;;;;;;;;;
1558;0.7;0.8;190.0;130;190;;;;;;;;;
1559;0.7;0.8;200.0;130;190;;;;;;;;;
1560;0.7;0.9;10.0;130;190;;;;;;;;;
1561;0.7;0.9;20.0;130;190;;;;;;;;;
1562;0.7;0.9;30.0;130;200;;;;;;;;;
1563;0.7;0.9;40.0;130;190;;;;;;;;;
1564;0.7;0.9;50.0;130;260;;;;;;;;;
1565;0.7;0.9;60.0;130;190;;;;;;;;;
1566;0.7;0.9;70.0;130;190;;;;;;;;;
1567;0.7;0.9;80.0;130;190;;;;;;;;;
1568;0.7;0.9;90.0;130;190;;;;;;;;;
1569;0.7;0.9;100.0;130;190;;;;;;;;;
1570;0.7;0.9;110.0;130;190;;;;;;;;;
1571;0.7;0.9;120.0;130;200;;;;;;;;;
1572;0.7;0.9;130.0;130;190;;;;;;;;;
1573;0.7;0.9;140.0;130;190;;;;;;;;;
1574;0.7;0.9;150.0;130;200;;;;;;;;;
1575;0.7;0.9;160.0;130;190;;;;;;;;;
1576;0.7;0.9;170.0;130;190;;;;;;;;;
1577;0.7;0.9;180.0;130;260;;;;;;;;;
1578;0.7;0.9;190.0;130;190;;;;;;;;;
1579;0.7;0.9;200.0;130;190;;;;;;;;;
1580;0.7;1.0;10.0;130;190;;;;;;;;;
1581;0.7;1.0;20.0;130;190;;;;;;;;;
1582;0.7;1.0;30.0;130;260;;;;;;;;;
1583;0.7;1.0;40.0;130;190;;;;;;;;;
1584;0.7;1.0;50.0;130;190;;;;;;;;;
1585;0.7;1.0;60.0;130;190;;;;;;;;;
1586;0.7;1.0;70.0;130;190;;;;;;;;;
1587;0.7;1.0;80.0;130;190;;;;;;;;;
1588;0.7;1.0;90.0;130;190;;;;;;;;;
1589;0.7;1.0;100.0;130;190;;;;;;;;;
1590;0.7;1.0;110.0;130;200;;;;;;;;;
1591;0.7;1.0;120.0;130;190;;;;;;;;;
1592;0.7;1.0;130.0;130;190;;;;;;;;;
1593;0.7;1.0;140.0;130;190;;;;;;;;;
1594;0.7;1.0;150.0;130;190;;;;;;;;;
1595;0.7;1.0;160.0;130;190;;;;;;;;;
1596;0.7;1.0;170.0;130;190;;;;;;;;;
1597;0.7;1.0;180.0;130;190;;;;;;;;;
1598;0.7;1.0;190.0;130;200;;;;;;;;;
1599;0.7;1.0;200.0;130;190;;;;;;;;;
1600;0.8;0.1;10.0;130;190;;;;;;;;;
1601;0.8;0.1;20.0;130;190;;;;;;;;;
1602;0.8;0.1;30.0;130;190;;;;;;;;;
1603;0.8;0.1;40.0;130;190;;;;;;;;;
1604;0.8;0.1;50.0;130;260;;;;;;;;;
1605;0.8;0.1;60.0;130;190;;;;;;;;;
1606;0.8;0.1;70.0;130;190;;;;;;;;;
1607;0.8;0.1;80.0;130;200;;;;;;;;;
1608;0.8;0.1;90.0;130;190;;;;;;;;;
1609;0.8;0.1;100.0;130;190;;;;;;;;;
1610;0.8;0.1;110.0;130;190;;;;;;;;;
1611;0.8;0.1;120.0;130;190;;;;;;;;;
1612;0.8;0.1;130.0;130;190;;;;;;;;;
1613;0.8;0.1;140.0;130;190;;;;;;;;;
1614;0.8;0.1;150.0;130;190;;;;;;;;;
1615;0.8;0.1;160.0;130;190;;;;;;;;;
1616;0.8;0.1;170.0;130;190;;;;;;;;;
1617;0.8;0.1;180.0;130;190;;;;;;;;;
1618;0.8;0.1;190.0;130;190;;;;;;;;;
1619;0.8;0.1;200.0;130;190;;;;;;;;;
1620;0.8;0.2;10.0;130;190;;;;;;;;;
1621;0.8;0.2;20.0;130;260;;;;;;;;;
1622;0.8;0.2;30.0;130;200;;;;;;;;;
1623;0.8;0.2;40.0;130;200;;;;;;;;;
1624;0.8;0.2;50.0;130;200;;;;;;;;;
1625;0.8;0.2;60.0;130;190;;;;;;;;;
1626;0.8;0.2;70.0;130;190;;;;;;;;;
1627;0.8;0.2;80.0;130;190;;;;;;;;;
1628;0.8;0.2;90.0;130;190;;;;;;;;;
1629;0.8;0.2;100.0;130;190;;;;;;;;;
1630;0.8;0.2;110.0;130;190;;;;;;;;;
1631;0.8;0.2;120.0;130;190;;;;;;;;;
1632;0.8;0.2;130.0;130;190;;;;;;;;;
1633;0.8;0.2;140.0;130;190;;;;;;;;;
1634;0.8;0.2;150.0;130;190;;;;;;;;;
1635;0.8;0.2;160.0;130;190;;;;;;;;;
1636;0.8;0.2;170.0;130;190;;;;;;;;;
1637;0.8;0.2;180.0;130;190;;;;;;;;;
1638;0.8;0.2;190.0;130;190;;;;;;;;;
1639;0.8;0.2;200.0;130;190;;;;;;;;;
1640;0.8;0.3;10.0;130;190;;;;;;;;;
1641;0.8;0.3;20.0;130;190;;;;;;;;;
1642;0.8;0.3;30.0;130;190;;;;;;;;;
1643;0.8;0.3;40.0;130;190;;;;;;;;;
1644;0.8;0.3;50.0;130;190;;;;;;;;;
1645;0.8;0.3;60.0;130;190;;;;;;;;;
1646;0.8;0.3;70.0;130;190;;;;;;;;;
1647;0.8;0.3;80.0;130;260;;;;;;;;;
1648;0.8;0.3;90.0;130;190;;;;;;;;;
1649;0.8;0.3;100.0;130;190;;;;;;;;;
1650;0.8;0.3;110.0;130;190;;;;;;;;;
1651;0.8;0.3;120.0;130;260;;;;;;;;;
1652;0.8;0.3;130.0;130;190;;;;;;;;;
1653;0.8;0.3;140.0;130;190;;;;;;;;;
1654;0.8;0.3;150.0;130;190;;;;;;;;;
1655;0.8;0.3;160.0;130;190;;;;;;;;;
1656;0.8;0.3;170.0;130;190;;;;;;;;;
1657;0.8;0.3;180.0;130;260;;;;;;;;;
1658;0.8;0.3;190.0;130;190;;;;;;;;;
1659;0.8;0.3;200.0;130;190;;;;;;;;;
1660;0.8;0.4;10.0;130;190;;;;;;;;;
1661;0.8;0.4;20.0;130;190;;;;;;;;;
1662;0.8;0.4;30.0;130;260;;;;;;;;;
1663;0.8;0.4;40.0;130;190;;;;;;;;;
1664;0.8;0.4;50.0;130;260;;;;;;;;;
1665;0.8;0.4;60.0;130;190;;;;;;;;;
1666;0.8;0.4;70.0;130;190;;;;;;;;;
1667;0.8;0.4;80.0;130;190;;;;;;;;;
1668;0.8;0.4;90.0;130;190;;;;;;;;;
1669;0.8;0.4;100.0;130;190;;;;;;;;;
1670;0.8;0.4;110.0;130;260;;;;;;;;;
1671;0.8;0.4;120.0;130;190;;;;;;;;;
1672;0.8;0.4;130.0;130;190;;;;;;;;;
1673;0.8;0.4;140.0;130;190;;;;;;;;;
1674;0.8;0.4;150.0;130;190;;;;;;;;;
1675;0.8;0.4;160.0;130;190;;;;;;;;;
1676;0.8;0.4;170.0;130;200;;;;;;;;;
1677;0.8;0.4;180.0;130;190;;;;;;;;;
1678;0.8;0.4;190.0;130;260;;;;;;;;;
1679;0.8;0.4;200.0;130;260;;;;;;;;;
1680;0.8;0.5;10.0;130;200;;;;;;;;;
1681;0.8;0.5;20.0;130;190;;;;;;;;;
1682;0.8;0.5;30.0;130;190;;;;;;;;;
1683;0.8;0.5;40.0;130;190;;;;;;;;;
1684;0.8;0.5;50.0;130;190;;;;;;;;;
1685;0.8;0.5;60.0;130;260;;;;;;;;;
1686;0.8;0.5;70.0;130;190;;;;;;;;;
1687;0.8;0.5;80.0;130;190;;;;;;;;;
1688;0.8;0.5;90.0;130;260;;;;;;;;;
1689;0.8;0.5;100.0;130;190;;;;;;;;;
1690;0.8;0.5;110.0;130;190;;;;;;;;;
1691;0.8;0.5;120.0;130;190;;;;;;;;;
1692;0.8;0.5;130.0;130;190;;;;;;;;;
1693;0.8;0.5;140.0;130;190;;;;;;;;;
1694;0.8;0.5;150.0;130;190;;;;;;;;;
1695;0.8;0.5;160.0;130;190;;;;;;;;;
1696;0.8;0.5;170.0;130;190;;;;;;;;;
1697;0.8;0.5;180.0;130;190;;;;;;;;;
1698;0.8;0.5;190.0;130;260;;;;;;;;;
1699;0.8;0.5;200.0;130;190;;;;;;;;;
1700;0.8;0.6;10.0;130;190;;;;;;;;;
1701;0.8;0.6;20.0;130;190;;;;;;;;;
1702;0.8;0.6;30.0;130;190;;;;;;;;;
1703;0.8;0.6;40.0;130;190;;;;;;;;;
1704;0.8;0.6;50.0;130;190;;;;;;;;;
1705;0.8;0.6;60.0;130;190;;;;;;;;;
1706;0.8;0.6;70.0;130;200;;;;;;;;;
1707;0.8;0.6;80.0;130;190;;;;;;;;;
1708;0.8;0.6;90.0;130;190;;;;;;;;;
1709;0.8;0.6;100.0;130;190;;;;;;;;;
1710;0.8;0.6;110.0;130;190;;;;;;;;;
1711;0.8;0.6;120.0;130;190;;;;;;;;;
1712;0.8;0.6;130.0;130;200;;;;;;;;;
1713;0.8;0.6;140.0;130;190;;;;;;;;;
1714;0.8;0.6;150.0;130;260;;;;;;;;;
1715;0.8;0.6;160.0;130;190;;;;;;;;;
1716;0.8;0.6;170.0;130;190;;;;;;;;;
1717;0.8;0.6;180.0;130;260;;;;;;;;;
1718;0.8;0.6;190.0;130;190;;;;;;;;;
1719;0.8;0.6;200.0;130;190;;;;;;;;;
1720;0.8;0.7;10.0;130;190;;;;;;;;;
1721;0.8;0.7;20.0;130;190;;;;;;;;;
1722;0.8;0.7;30.0;130;260;;;;;;;;;
1723;0.8;0.7;40.0;130;190;;;;;;;;;
1724;0.8;0.7;50.0;130;190;;;;;;;;;
1725;0.8;0.7;60.0;130;190;;;;;;;;;
1726;0.8;0.7;70.0;130;260;;;;;;;;;
1727;0.8;0.7;80.0;130;190;;;;;;;;;
1728;0.8;0.7;90.0;130;190;;;;;;;;;
1729;0.8;0.7;100.0;130;190;;;;;;;;;
1730;0.8;0.7;110.0;130;260;;;;;;;;;
1731;0.8;0.7;120.0;130;190;;;;;;;;;
1732;0.8;0.7;130.0;130;190;;;;;;;;;
1733;0.8;0.7;140.0;130;190;;;;;;;;;
1734;0.8;0.7;150.0;130;190;;;;;;;;;
1735;0.8;0.7;160.0;130;190;;;;;;;;;
1736;0.8;0.7;170.0;130;190;;;;;;;;;
1737;0.8;0.7;180.0;130;190;;;;;;;;;
1738;0.8;0.7;190.0;130;190;;;;;;;;;
1739;0.8;0.7;200.0;130;190;;;;;;;;;
1740;0.8;0.8;10.0;130;190;;;;;;;;;
1741;0.8;0.8;20.0;130;260;;;;;;;;;
1742;0.8;0.8;30.0;130;190;;;;;;;;;
1743;0.8;0.8;40.0;130;190;;;;;;;;;
1744;0.8;0.8;50.0;130;190;;;;;;;;;
1745;0.8;0.8;60.0;130;260;;;;;;;;;
1746;0.8;0.8;70.0;130;190;;;;;;;;;
1747;0.8;0.8;80.0;130;190;;;;;;;;;
1748;0.8;0.8;90.0;130;190;;;;;;;;;
1749;0.8;0.8;100.0;130;190;;;;;;;;;
1750;0.8;0.8;110.0;130;190;;;;;;;;;
1751;0.8;0.8;120.0;130;190;;;;;;;;;
1752;0.8;0.8;130.0;130;190;;;;;;;;;
1753;0.8;0.8;140.0;130;190;;;;;;;;;
1754;0.8;0.8;150.0;130;200;;;;;;;;;
1755;0.8;0.8;160.0;130;190;;;;;;;;;
1756;0.8;0.8;170.0;130;260;;;;;;;;;
1757;0.8;0.8;180.0;130;190;;;;;;;;;
1758;0.8;0.8;190.0;130;190;;;;;;;;;
1759;0.8;0.8;200.0;130;190;;;;;;;;;
1760;0.8;0.9;10.0;130;190;;;;;;;;;
1761;0.8;0.9;20.0;130;190;;;;;;;;;
1762;0.8;0.9;30.0;130;190;;;;;;;;;
1763;0.8;0.9;40.0;130;200;;;;;;;;;
1764;0.8;0.9;50.0;130;190;;;;;;;;;
1765;0.8;0.9;60.0;130;190;;;;;;;;;
1766;0.8;0.9;70.0;130;190;;;;;;;;;
1767;0.8;0.9;80.0;130;260;;;;;;;;;
1768;0.8;0.9;90.0;130;260;;;;;;;;;
1769;0.8;0.9;100.0;130;190;;;;;;;;;
1770;0.8;0.9;110.0;130;190;;;;;;;;;
1771;0.8;0.9;120.0;130;190;;;;;;;;;
1772;0.8;0.9;130.0;130;190;;;;;;;;;
1773;0.8;0.9;140.0;130;190;;;;;;;;;
1774;0.8;0.9;150.0;130;190;;;;;;;;;
1775;0.8;0.9;160.0;130;190;;;;;;;;;
1776;0.8;0.9;170.0;130;190;;;;;;;;;
1777;0.8;0.9;180.0;130;200;;;;;;;;;
1778;0.8;0.9;190.0;130;190;;;;;;;;;
1779;0.8;0.9;200.0;130;190;;;;;;;;;
1780;0.8;1.0;10.0;130;260;;;;;;;;;
1781;0.8;1.0;20.0;130;190;;;;;;;;;
1782;0.8;1.0;30.0;130;190;;;;;;;;;
1783;0.8;1.0;40.0;130;200;;;;;;;;;
1784;0.8;1.0;50.0;130;190;;;;;;;;;
1785;0.8;1.0;60.0;130;200;;;;;;;;;
1786;0.8;1.0;70.0;130;190;;;;;;;;;
1787;0.8;1.0;80.0;130;190;;;;;;;;;
1788;0.8;1.0;90.0;130;190;;;;;;;;;
1789;0.8;1.0;100.0;130;190;;;;;;;;;
1790;0.8;1.0;110.0;130;200;;;;;;;;;
1791;0.8;1.0;120.0;130;190;;;;;;;;;
1792;0.8;1.0;130.0;130;260;;;;;;;;;
1793;0.8;1.0;140.0;130;190;;;;;;;;;
1794;0.8;1.0;150.0;130;190;;;;;;;;;
1795;0.8;1.0;160.0;130;190;;;;;;;;;
1796;0.8;1.0;170.0;130;200;;;;;;;;;
1797;0.8;1.0;180.0;130;190;;;;;;;;;
1798;0.8;1.0;190.0;130;260;;;;;;;;;
1799;0.8;1.0;200.0;130;190;;;;;;;;;
1800;0.9;0.1;10.0;130;190;;;;;;;;;
1801;0.9;0.1;20.0;130;190;;;;;;;;;
1802;0.9;0.1;30.0;130;190;;;;;;;;;
1803;0.9;0.1;40.0;130;200;;;;;;;;;
1804;0.9;0.1;50.0;130;190;;;;;;;;;
1805;0.9;0.1;60.0;130;190;;;;;;;;;
1806;0.9;0.1;70.0;130;190;;;;;;;;;
1807;0.9;0.1;80.0;130;190;;;;;;;;;
1808;0.9;0.1;90.0;130;190;;;;;;;;;
1809;0.9;0.1;100.0;130;190;;;;;;;;;
1810;0.9;0.1;110.0;130;190;;;;;;;;;
1811;0.9;0.1;120.0;130;190;;;;;;;;;
1812;0.9;0.1;130.0;130;190;;;;;;;;;
1813;0.9;0.1;140.0;130;190;;;;;;;;;
1814;0.9;0.1;150.0;130;190;;;;;;;;;
1815;0.9;0.1;160.0;130;190;;;;;;;;;
1816;0.9;0.1;170.0;130;190;;;;;;;;;
1817;0.9;0.1;180.0;130;190;;;;;;;;;
1818;0.9;0.1;190.0;130;190;;;;;;;;;
1819;0.9;0.1;200.0;130;190;;;;;;;;;
1820;0.9;0.2;10.0;130;190;;;;;;;;;
1821;0.9;0.2;20.0;130;190;;;;;;;;;
1822;0.9;0.2;30.0;130;190;;;;;;;;;
1823;0.9;0.2;40.0;130;190;;;;;;;;;
1824;0.9;0.2;50.0;130;190;;;;;;;;;
1825;0.9;0.2;60.0;130;190;;;;;;;;;
1826;0.9;0.2;70.0;130;190;;;;;;;;;
1827;0.9;0.2;80.0;130;190;;;;;;;;;
1828;0.9;0.2;90.0;130;190;;;;;;;;;
1829;0.9;0.2;100.0;130;260;;;;;;;;;
1830;0.9;0.2;110.0;130;190;;;;;;;;;
1831;0.9;0.2;120.0;130;190;;;;;;;;;
1832;0.9;0.2;130.0;130;190;;;;;;;;;
1833;0.9;0.2;140.0;130;190;;;;;;;;;
1834;0.9;0.2;150.0;130;190;;;;;;;;;
1835;0.9;0.2;160.0;130;260;;;;;;;;;
1836;0.9;0.2;170.0;130;190;;;;;;;;;
1837;0.9;0.2;180.0;130;190;;;;;;;;;
1838;0.9;0.2;190.0;130;190;;;;;;;;;
1839;0.9;0.2;200.0;130;190;;;;;;;;;
1840;0.9;0.3;10.0;130;190;;;;;;;;;
1841;0.9;0.3;20.0;130;190;;;;;;;;;
1842;0.9;0.3;30.0;130;190;;;;;;;;;
1843;0.9;0.3;40.0;130;190;;;;;;;;;
1844;0.9;0.3;50.0;130;200;;;;;;;;;
1845;0.9;0.3;60.0;130;190;;;;;;;;;
1846;0.9;0.3;70.0;130;190;;;;;;;;;
1847;0.9;0.3;80.0;130;190;;;;;;;;;
1848;0.9;0.3;90.0;130;190;;;;;;;;;
1849;0.9;0.3;100.0;130;190;;;;;;;;;
1850;0.9;0.3;110.0;130;190;;;;;;;;;
1851;0.9;0.3;120.0;130;190;;;;;;;;;
1852;0.9;0.3;130.0;130;190;;;;;;;;;
1853;0.9;0.3;140.0;130;200;;;;;;;;;
1854;0.9;0.3;150.0;130;190;;;;;;;;;
1855;0.9;0.3;160.0;130;190;;;;;;;;;
1856;0.9;0.3;170.0;130;190;;;;;;;;;
1857;0.9;0.3;180.0;130;190;;;;;;;;;
1858;0.9;0.3;190.0;130;190;;;;;;;;;
1859;0.9;0.3;200.0;130;200;;;;;;;;;
1860;0.9;0.4;10.0;130;190;;;;;;;;;
1861;0.9;0.4;20.0;130;190;;;;;;;;;
1862;0.9;0.4;30.0;130;190;;;;;;;;;
1863;0.9;0.4;40.0;130;190;;;;;;;;;
1864;0.9;0.4;50.0;130;190;;;;;;;;;
1865;0.9;0.4;60.0;130;190;;;;;;;;;
1866;0.9;0.4;70.0;130;190;;;;;;;;;
1867;0.9;0.4;80.0;130;190;;;;;;;;;
1868;0.9;0.4;90.0;130;190;;;;;;;;;
1869;0.9;0.4;100.0;130;200;;;;;;;;;
1870;0.9;0.4;110.0;130;190;;;;;;;;;
1871;0.9;0.4;120.0;130;190;;;;;;;;;
1872;0.9;0.4;130.0;130;190;;;;;;;;;
1873;0.9;0.4;140.0;130;190;;;;;;;;;
1874;0.9;0.4;150.0;130;190;;;;;;;;;
1875;0.9;0.4;160.0;130;190;;;;;;;;;
1876;0.9;0.4;170.0;130;200;;;;;;;;;
1877;0.9;0.4;180.0;130;190;;;;;;;;;
1878;0.9;0.4;190.0;130;190;;;;;;;;;
1879;0.9;0.4;200.0;130;190;;;;;;;;;
1880;0.9;0.5;10.0;130;190;;;;;;;;;
1881;0.9;0.5;20.0;130;190;;;;;;;;;
1882;0.9;0.5;30.0;130;190;;;;;;;;;
1883;0.9;0.5;40.0;130;190;;;;;;;;;
1884;0.9;0.5;50.0;130;190;;;;;;;;;
1885;0.9;0.5;60.0;130;260;;;;;;;;;
1886;0.9;0.5;70.0;130;190;;;;;;;;;
1887;0.9;0.5;80.0;130;190;;;;;;;;;
1888;0.9;0.5;90.0;130;190;;;;;;;;;
1889;0.9;0.5;100.0;130;190;;;;;;;;;
1890;0.9;0.5;110.0;130;190;;;;;;;;;
1891;0.9;0.5;120.0;130;190;;;;;;;;;
1892;0.9;0.5;130.0;130;200;;;;;;;;;
1893;0.9;0.5;140.0;130;190;;;;;;;;;
1894;0.9;0.5;150.0;130;190;;;;;;;;;
1895;0.9;0.5;160.0;130;190;;;;;;;;;
1896;0.9;0.5;170.0;130;190;;;;;;;;;
1897;0.9;0.5;180.0;130;190;;;;;;;;;
1898;0.9;0.5;190.0;130;190;;;;;;;;;
1899;0.9;0.5;200.0;130;190;;;;;;;;;
1900;0.9;0.6;10.0;130;190;;;;;;;;;
1901;0.9;0.6;20.0;130;190;;;;;;;;;
1902;0.9;0.6;30.0;130;190;;;;;;;;;
1903;0.9;0.6;40.0;130;200;;;;;;;;;
1904;0.9;0.6;50.0;130;190;;;;;;;;;
1905;0.9;0.6;60.0;130;270;;;;;;;;;
1906;0.9;0.6;70.0;130;190;;;;;;;;;
1907;0.9;0.6;80.0;130;190;;;;;;;;;
1908;0.9;0.6;90.0;130;190;;;;;;;;;
1909;0.9;0.6;100.0;130;190;;;;;;;;;
1910;0.9;0.6;110.0;130;260;;;;;;;;;
1911;0.9;0.6;120.0;130;190;;;;;;;;;
1912;0.9;0.6;130.0;130;190;;;;;;;;;
1913;0.9;0.6;140.0;130;190;;;;;;;;;
1914;0.9;0.6;150.0;130;190;;;;;;;;;
1915;0.9;0.6;160.0;130;190;;;;;;;;;
1916;0.9;0.6;170.0;130;190;;;;;;;;;
1917;0.9;0.6;180.0;130;260;;;;;;;;;
1918;0.9;0.6;190.0;130;190;;;;;;;;;
1919;0.9;0.6;200.0;130;190;;;;;;;;;
1920;0.9;0.7;10.0;130;190;;;;;;;;;
1921;0.9;0.7;20.0;130;190;;;;;;;;;
1922;0.9;0.7;30.0;130;190;;;;;;;;;
1923;0.9;0.7;40.0;130;190;;;;;;;;;
1924;0.9;0.7;50.0;130;190;;;;;;;;;
1925;0.9;0.7;60.0;130;190;;;;;;;;;
1926;0.9;0.7;70.0;130;190;;;;;;;;;
1927;0.9;0.7;80.0;130;190;;;;;;;;;
1928;0.9;0.7;90.0;130;190;;;;;;;;;
1929;0.9;0.7;100.0;130;190;;;;;;;;;
1930;0.9;0.7;110.0;130;190;;;;;;;;;
1931;0.9;0.7;120.0;130;190;;;;;;;;;
1932;0.9;0.7;130.0;130;190;;;;;;;;;
1933;0.9;0.7;140.0;130;200;;;;;;;;;
1934;0.9;0.7;150.0;130;190;;;;;;;;;
1935;0.9;0.7;160.0;130;190;;;;;;;;;
1936;0.9;0.7;170.0;130;190;;;;;;;;;
1937;0.9;0.7;180.0;130;260;;;;;;;;;
1938;0.9;0.7;190.0;130;260;;;;;;;;;
1939;0.9;0.7;200.0;130;190;;;;;;;;;
1940;0.9;0.8;10.0;130;190;;;;;;;;;
1941;0.9;0.8;20.0;130;190;;;;;;;;;
1942;0.9;0.8;30.0;130;190;;;;;;;;;
1943;0.9;0.8;40.0;130;200;;;;;;;;;
1944;0.9;0.8;50.0;130;200;;;;;;;;;
1945;0.9;0.8;60.0;130;190;;;;;;;;;
1946;0.9;0.8;70.0;130;190;;;;;;;;;
1947;0.9;0.8;80.0;130;270;;;;;;;;;
1948;0.9;0.8;90.0;130;190;;;;;;;;;
1949;0.9;0.8;100.0;130;190;;;;;;;;;
1950;0.9;0.8;110.0;130;200;;;;;;;;;
1951;0.9;0.8;120.0;130;190;;;;;;;;;
1952;0.9;0.8;130.0;130;190;;;;;;;;;
1953;0.9;0.8;140.0;130;190;;;;;;;;;
1954;0.9;0.8;150.0;130;200;;;;;;;;;
1955;0.9;0.8;160.0;130;190;;;;;;;;;
1956;0.9;0.8;170.0;130;190;;;;;;;;;
1957;0.9;0.8;180.0;130;190;;;;;;;;;
1958;0.9;0.8;190.0;130;190;;;;;;;;;
1959;0.9;0.8;200.0;130;190;;;;;;;;;
1960;0.9;0.9;10.0;130;190;;;;;;;;;
1961;0.9;0.9;20.0;130;190;;;;;;;;;
1962;0.9;0.9;30.0;130;190;;;;;;;;;
1963;0.9;0.9;40.0;130;190;;;;;;;;;
1964;0.9;0.9;50.0;130;190;;;;;;;;;
1965;0.9;0.9;60.0;130;190;;;;;;;;;
1966;0.9;0.9;70.0;130;190;;;;;;;;;
1967;0.9;0.9;80.0;130;190;;;;;;;;;
1968;0.9;0.9;90.0;130;190;;;;;;;;;
1969;0.9;0.9;100.0;130;190;;;;;;;;;
1970;0.9;0.9;110.0;130;190;;;;;;;;;
1971;0.9;0.9;120.0;130;190;;;;;;;;;
1972;0.9;0.9;130.0;130;260;;;;;;;;;
1973;0.9;0.9;140.0;130;260;;;;;;;;;
1974;0.9;0.9;150.0;130;190;;;;;;;;;
1975;0.9;0.9;160.0;130;190;;;;;;;;;
1976;0.9;0.9;170.0;130;260;;;;;;;;;
1977;0.9;0.9;180.0;130;190;;;;;;;;;
1978;0.9;0.9;190.0;130;190;;;;;;;;;
1979;0.9;0.9;200.0;130;200;;;;;;;;;
1980;0.9;1.0;10.0;130;260;;;;;;;;;
1981;0.9;1.0;20.0;130;190;;;;;;;;;
1982;0.9;1.0;30.0;130;260;;;;;;;;;
1983;0.9;1.0;40.0;130;190;;;;;;;;;
1984;0.9;1.0;50.0;130;190;;;;;;;;;
1985;0.9;1.0;60.0;130;190;;;;;;;;;
1986;0.9;1.0;70.0;130;190;;;;;;;;;
1987;0.9;1.0;80.0;130;260;;;;;;;;;
1988;0.9;1.0;90.0;130;190;;;;;;;;;
1989;0.9;1.0;100.0;130;190;;;;;;;;;
1990;0.9;1.0;110.0;130;190;;;;;;;;;
1991;0.9;1.0;120.0;130;190;;;;;;;;;
1992;0.9;1.0;130.0;130;190;;;;;;;;;
1993;0.9;1.0;140.0;130;190;;;;;;;;;
1994;0.9;1.0;150.0;130;190;;;;;;;;;
1995;0.9;1.0;160.0;130;190;;;;;;;;;
1996;0.9;1.0;170.0;130;200;;;;;;;;;
1997;0.9;1.0;180.0;130;190;;;;;;;;;
1998;0.9;1.0;190.0;130;190;;;;;;;;;
1999;0.9;1.0;200.0;130;190;;;;;;;;;
2000;1.0;0.1;10.0;130;300;;;;;;;;;
2001;1.0;0.1;20.0;130;270;;;;;;;;;
2002;1.0;0.1;30.0;130;300;;;;;;;;;
2003;1.0;0.1;40.0;130;270;;;;;;;;;
2004;1.0;0.1;50.0;130;280;;;;;;;;;
2005;1.0;0.1;60.0;130;280;;;;;;;;;
2006;1.0;0.1;70.0;130;270;;;;;;;;;
2007;1.0;0.1;80.0;130;300;;;;;;;;;
2008;1.0;0.1;90.0;130;270;;;;;;;;;
2009;1.0;0.1;100.0;130;270;;;;;;;;;
2010;1.0;0.1;110.0;130;300;;;;;;;;;
2011;1.0;0.1;120.0;130;270;;;;;;;;;
2012;1.0;0.1;130.0;130;300;;;;;;;;;
2013;1.0;0.1;140.0;130;270;;;;;;;;;
2014;1.0;0.1;150.0;130;300;;;;;;;;;
2015;1.0;0.1;160.0;130;280;;;;;;;;;
2016;1.0;0.1;170.0;130;300;;;;;;;;;
2017;1.0;0.1;180.0;130;270;;;;;;;;;
2018;1.0;0.1;190.0;130;280;;;;;;;;;
2019;1.0;0.1;200.0;130;280;;;;;;;;;
2020;1.0;0.2;10.0;130;270;;;;;;;;;
2021;1.0;0.2;20.0;130;270;;;;;;;;;
2022;1.0;0.2;30.0;130;280;;;;;;;;;
2023;1.0;0.2;40.0;130;280;;;;;;;;;
2024;1.0;0.2;50.0;130;300;;;;;;;;;
2025;1.0;0.2;60.0;130;270;;;;;;;;;
2026;1.0;0.2;70.0;130;270;;;;;;;;;
2027;1.0;0.2;80.0;130;300;;;;;;;;;
2028;1.0;0.2;90.0;130;270;;;;;;;;;
2029;1.0;0.2;100.0;130;300;;;;;;;;;
2030;1.0;0.2;110.0;130;270;;;;;;;;;
2031;1.0;0.2;120.0;130;300;;;;;;;;;
2032;1.0;0.2;130.0;130;280;;;;;;;;;
2033;1.0;0.2;140.0;130;300;;;;;;;;;
2034;1.0;0.2;150.0;130;300;;;;;;;;;
2035;1.0;0.2;160.0;130;270;;;;;;;;;
2036;1.0;0.2;170.0;130;280;;;;;;;;;
2037;1.0;0.2;180.0;130;280;;;;;;;;;
2038;1.0;0.2;190.0;130;280;;;;;;;;;
2039;1.0;0.2;200.0;130;280;;;;;;;;;
2040;1.0;0.3;10.0;130;280;;;;;;;;;
2041;1.0;0.3;20.0;130;300;;;;;;;;;
2042;1.0;0.3;30.0;130;270;;;;;;;;;
2043;1.0;0.3;40.0;130;270;;;;;;;;;
2044;1.0;0.3;50.0;130;270;;;;;;;;;
2045;1.0;0.3;60.0;130;270;;;;;;;;;
2046;1.0;0.3;70.0;130;270;;;;;;;;;
2047;1.0;0.3;80.0;130;300;;;;;;;;;
2048;1.0;0.3;90.0;130;300;;;;;;;;;
2049;1.0;0.3;100.0;130;300;;;;;;;;;
2050;1.0;0.3;110.0;130;270;;;;;;;;;
2051;1.0;0.3;120.0;130;300;;;;;;;;;
2052;1.0;0.3;130.0;130;280;;;;;;;;;
2053;1.0;0.3;140.0;130;280;;;;;;;;;
2054;1.0;0.3;150.0;130;280;;;;;;;;;
2055;1.0;0.3;160.0;130;300;;;;;;;;;
2056;1.0;0.3;170.0;130;300;;;;;;;;;
2057;1.0;0.3;180.0;130;270;;;;;;;;;
2058;1.0;0.3;190.0;130;280;;;;;;;;;
2059;1.0;0.3;200.0;130;270;;;;;;;;;
2060;1.0;0.4;10.0;130;300;;;;;;;;;
2061;1.0;0.4;20.0;130;300;;;;;;;;;
2062;1.0;0.4;30.0;130;300;;;;;;;;;
2063;1.0;0.4;40.0;130;270;;;;;;;;;
2064;1.0;0.4;50.0;130;300;;;;;;;;;
2065;1.0;0.4;60.0;130;270;;;;;;;;;
2066;1.0;0.4;70.0;130;270;;;;;;;;;
2067;1.0;0.4;80.0;130;280;;;;;;;;;
2068;1.0;0.4;90.0;130;280;;;;;;;;;
2069;1.0;0.4;100.0;130;280;;;;;;;;;
2070;1.0;0.4;110.0;130;270;;;;;;;;;
2071;1.0;0.4;120.0;130;280;;;;;;;;;
2072;1.0;0.4;130.0;130;300;;;;;;;;;
2073;1.0;0.4;140.0;130;280;;;;;;;;;
2074;1.0;0.4;150.0;130;300;;;;;;;;;
2075;1.0;0.4;160.0;130;300;;;;;;;;;
2076;1.0;0.4;170.0;130;280;;;;;;;;;
2077;1.0;0.4;180.0;130;270;;;;;;;;;
2078;1.0;0.4;190.0;130;280;;;;;;;;;
2079;1.0;0.4;200.0;130;270;;;;;;;;;
2080;1.0;0.5;10.0;130;300;;;;;;;;;
2081;1.0;0.5;20.0;130;270;;;;;;;;;
2082;1.0;0.5;30.0;130;300;;;;;;;;;
2083;1.0;0.5;40.0;130;270;;;;;;;;;
2084;1.0;0.5;50.0;130;270;;;;;;;;;
2085;1.0;0.5;60.0;130;280;;;;;;;;;
2086;1.0;0.5;70.0;130;280;;;;;;;;;
2087;1.0;0.5;80.0;130;270;;;;;;;;;
2088;1.0;0.5;90.0;130;270;;;;;;;;;
2089;1.0;0.5;100.0;130;300;;;;;;;;;
2090;1.0;0.5;110.0;130;300;;;;;;;;;
2091;1.0;0.5;120.0;130;270;;;;;;;;;
2092;1.0;0.5;130.0;130;270;;;;;;;;;
2093;1.0;0.5;140.0;130;300;;;;;;;;;
2094;1.0;0.5;150.0;130;300;;;;;;;;;
2095;1.0;0.5;160.0;130;300;;;;;;;;;
2096;1.0;0.5;170.0;130;270;;;;;;;;;
2097;1.0;0.5;180.0;130;300;;;;;;;;;
2098;1.0;0.5;190.0;130;270;;;;;;;;;
2099;1.0;0.5;200.0;130;280;;;;;;;;;
2100;1.0;0.6;10.0;130;270;;;;;;;;;
2101;1.0;0.6;20.0;130;270;;;;;;;;;
2102;1.0;0.6;30.0;130;300;;;;;;;;;
2103;1.0;0.6;40.0;130;280;;;;;;;;;
2104;1.0;0.6;50.0;130;300;;;;;;;;;
2105;1.0;0.6;60.0;130;270;;;;;;;;;
2106;1.0;0.6;70.0;130;270;;;;;;;;;
2107;1.0;0.6;80.0;130;280;;;;;;;;;
2108;1.0;0.6;90.0;130;280;;;;;;;;;
2109;1.0;0.6;100.0;130;300;;;;;;;;;
2110;1.0;0.6;110.0;130;280;;;;;;;;;
2111;1.0;0.6;120.0;130;270;;;;;;;;;
2112;1.0;0.6;130.0;130;270;;;;;;;;;
2113;1.0;0.6;140.0;130;300;;;;;;;;;
2114;1.0;0.6;150.0;130;280;;;;;;;;;
2115;1.0;0.6;160.0;130;270;;;;;;;;;
2116;1.0;0.6;170.0;130;300;;;;;;;;;
2117;1.0;0.6;180.0;130;300;;;;;;;;;
2118;1.0;0.6;190.0;130;300;;;;;;;;;
2119;1.0;0.6;200.0;130;300;;;;;;;;;
2120;1.0;0.7;10.0;130;300;;;;;;;;;
2121;1.0;0.7;20.0;130;280;;;;;;;;;
2122;1.0;0.7;30.0;130;300;;;;;;;;;
2123;1.0;0.7;40.0;130;270;;;;;;;;;
2124;1.0;0.7;50.0;130;270;;;;;;;;;
2125;1.0;0.7;60.0;130;300;;;;;;;;;
2126;1.0;0.7;70.0;130;280;;;;;;;;;
2127;1.0;0.7;80.0;130;280;;;;;;;;;
2128;1.0;0.7;90.0;130;270;;;;;;;;;
2129;1.0;0.7;100.0;130;280;;;;;;;;;
2130;1.0;0.7;110.0;130;300;;;;;;;;;
2131;1.0;0.7;120.0;130;300;;;;;;;;;
2132;1.0;0.7;130.0;130;300;;;;;;;;;
2133;1.0;0.7;140.0;130;300;;;;;;;;;
2134;1.0;0.7;150.0;130;270;;;;;;;;;
2135;1.0;0.7;160.0;130;270;;;;;;;;;
2136;1.0;0.7;170.0;130;270;;;;;;;;;
2137;1.0;0.7;180.0;130;270;;;;;;;;;
2138;1.0;0.7;190.0;130;270;;;;;;;;;
2139;1.0;0.7;200.0;130;270;;;;;;;;;
2140;1.0;0.8;10.0;130;300;;;;;;;;;
2141;1.0;0.8;20.0;130;300;;;;;;;;;
2142;1.0;0.8;30.0;130;270;;;;;;;;;
2143;1.0;0.8;40.0;130;280;;;;;;;;;
2144;1.0;0.8;50.0;130;300;;;;;;;;;
2145;1.0;0.8;60.0;130;300;;;;;;;;;
2146;1.0;0.8;70.0;130;280;;;;;;;;;
2147;1.0;0.8;80.0;130;270;;;;;;;;;
2148;1.0;0.8;90.0;130;280;;;;;;;;;
2149;1.0;0.8;100.0;130;280;;;;;;;;;
2150;1.0;0.8;110.0;130;300;;;;;;;;;
2151;1.0;0.8;120.0;130;270;;;;;;;;;
2152;1.0;0.8;130.0;130;300;;;;;;;;;
2153;1.0;0.8;140.0;130;300;;;;;;;;;
2154;1.0;0.8;150.0;130;300;;;;;;;;;
2155;1.0;0.8;160.0;130;280;;;;;;;;;
2156;1.0;0.8;170.0;130;270;;;;;;;;;
2157;1.0;0.8;180.0;130;270;;;;;;;;;
2158;1.0;0.8;190.0;130;270;;;;;;;;;
2159;1.0;0.8;200.0;130;300;;;;;;;;;
2160;1.0;0.9;10.0;130;300;;;;;;;;;
2161;1.0;0.9;20.0;130;280;;;;;;;;;
2162;1.0;0.9;30.0;130;270;;;;;;;;;
2163;1.0;0.9;40.0;130;300;;;;;;;;;
2164;1.0;0.9;50.0;130;300;;;;;;;;;
2165;1.0;0.9;60.0;130;300;;;;;;;;;
2166;1.0;0.9;70.0;130;280;;;;;;;;;
2167;1.0;0.9;80.0;130;270;;;;;;;;;
2168;1.0;0.9;90.0;130;280;;;;;;;;;
2169;1.0;0.9;100.0;130;270;;;;;;;;;
2170;1.0;0.9;110.0;130;300;;;;;;;;;
2171;1.0;0.9;120.0;130;270;;;;;;;;;
2172;1.0;0.9;130.0;130;280;;;;;;;;;
2173;1.0;0.9;140.0;130;270;;;;;;;;;
2174;1.0;0.9;150.0;130;270;;;;;;;;;
2175;1.0;0.9;160.0;130;300;;;;;;;;;
2176;1.0;0.9;170.0;130;270;;;;;;;;;
2177;1.0;0.9;180.0;130;300;;;;;;;;;
2178;1.0;0.9;190.0;130;270;;;;;;;;;
2179;1.0;0.9;200.0;130;280;;;;;;;;;
2180;1.0;1.0;10.0;130;300;;;;;;;;;
2181;1.0;1.0;20.0;130;300;;;;;;;;;
2182;1.0;1.0;30.0;130;270;;;;;;;;;
2183;1.0;1.0;40.0;130;270;;;;;;;;;
2184;1.0;1.0;50.0;130;270;;;;;;;;;
2185;1.0;1.0;60.0;130;270;;;;;;;;;
2186;1.0;1.0;70.0;130;270;;;;;;;;;
2187;1.0;1.0;80.0;130;300;;;;;;;;;
2188;1.0;1.0;90.0;130;270;;;;;;;;;
2189;1.0;1.0;100.0;130;300;;;;;;;;;
2190;1.0;1.0;110.0;130;300;;;;;;;;;
2191;1.0;1.0;120.0;130;300;;;;;;;;;
2192;1.0;1.0;130.0;130;270;;;;;;;;;
2193;1.0;1.0;140.0;130;300;;;;;;;;;
2194;1.0;1.0;150.0;130;300;;;;;;;;;
2195;1.0;1.0;160.0;130;270;;;;;;;;;
2196;1.0;1.0;170.0;130;300;;;;;;;;;
2197;1.0;1.0;180.0;130;270;;;;;;;;;
2198;1.0;1.0;190.0;130;280;;;;;;;;;
2199;1.0;1.0;200.0;130;280;;;;;;;;;
